condition	type	feature	score
t0.5_t0	perturbation	EGFR	1
t8_t4	perturbation	EGFR	1
t2_t1	perturbation	EGFR	1
t1_t0.5	perturbation	EGFR	1
t3_t2	perturbation	EGFR	1
t4_t3	perturbation	EGFR	1
t0.5_t0	measurement	ETS1	15.772276864679506
t8_t4	measurement	EGR1	-14.493583254532021
t0.5_t0	measurement	SRF	14.189989009604735
t0.5_t0	measurement	ELK1	13.843081862746526
t0.5_t0	measurement	EGR1	12.28290297695781
t0.5_t0	measurement	CREB1	11.689582875061879
t0.5_t0	measurement	FOSL2	11.126151441682996
t8_t4	measurement	SRF	-10.840002020126848
t0.5_t0	measurement	STAT3	9.884291918288328
t0.5_t0	measurement	SP1	9.698255981048646
t0.5_t0	measurement	NFKB1	9.576950614981314
t0.5_t0	measurement	RELA	9.56956203231978
t0.5_t0	measurement	JUN	9.463833302422783
t0.5_t0	measurement	FOXO4	9.268106326451779
t0.5_t0	measurement	JUNB	9.23153433160167
t0.5_t0	measurement	BHLHE40	9.183785134059514
t0.5_t0	measurement	ETS2	8.295184257403532
t0.5_t0	measurement	HIF1A	8.194391684942222
t8_t4	measurement	STAT5B	-8.182460692119768
t8_t4	measurement	KLF4	-8.098326219287042
t2_t1	measurement	CTCF	7.930151450255664
t2_t1	measurement	GLI1	7.8399569083435185
t1_t0.5	measurement	ELK1	-7.620866295194691
t0.5_t0	measurement	TFAP2A	7.58086098832725
t1_t0.5	measurement	FOXO3	-7.578481437389677
t0.5_t0	measurement	ATF4	7.318315220556671
t0.5_t0	measurement	JUND	7.24777561086806
t8_t4	measurement	TCF4	-7.168029119695915
t8_t4	measurement	TCF7L2	-7.152148244373966
t0.5_t0	measurement	PPARA	7.0564245022656
t0.5_t0	measurement	KLF4	6.9741717428839545
t0.5_t0	measurement	ELK4	6.960538992842336
t0.5_t0	measurement	LEF1	6.861995423943282
t2_t1	measurement	EGR1	6.858132877416937
t8_t4	measurement	FOS	-6.830584125405969
t0.5_t0	measurement	STAT1	6.780003328451265
t0.5_t0	measurement	TBP	6.761690791490585
t0.5_t0	measurement	VDR	6.608552463524389
t8_t4	measurement	JUN	-6.598417650177106
t8_t4	measurement	HNF4A	-6.5918521048620224
t0.5_t0	measurement	CEBPB	6.590530065077952
t0.5_t0	measurement	FOS	6.501229935845432
t8_t4	measurement	KLF6	-6.498687905512512
t0.5_t0	measurement	ATF3	6.467011008755419
t1_t0.5	measurement	MEF2B	-6.462529914863624
t8_t4	measurement	NR2F1	-6.453808831035755
t0.5_t0	measurement	ESR1	6.397473734387321
t8_t4	measurement	LYL1	-6.342245896385058
t0.5_t0	measurement	TCF7L1	6.294010176712966
t8_t4	measurement	ETS1	-6.231879395397039
t0.5_t0	measurement	TP53	6.170226072376425
t0.5_t0	measurement	TCF7L2	6.123930869516899
t0.5_t0	measurement	RBPJ	6.081374087206736
t0.5_t0	measurement	NFE2L2	6.077603019079872
t0.5_t0	measurement	HNF4A	6.07342347364202
t2_t1	measurement	FOXO3	-6.007084187992481
t0.5_t0	measurement	MEF2B	5.989667419551258
t0.5_t0	measurement	AHR	5.864653769554037
t8_t4	measurement	STAT5A	-5.73731131667287
t2_t1	measurement	HNF4A	5.708701807955159
t8_t4	measurement	POU4F2	-5.67245119031365
t0.5_t0	measurement	MITF	5.66473294932472
t8_t4	measurement	CTCF	-5.626302154179381
t8_t4	measurement	E2F6	-5.624855837278927
t0.5_t0	measurement	MEF2A	5.612517877621283
t8_t4	measurement	MAX	-5.607407860473914
t0.5_t0	measurement	KLF6	5.584002027172913
t8_t4	measurement	TEAD1	-5.513533243806964
t8_t4	measurement	TAL1	-5.486313123302455
t8_t4	measurement	MAFK	-5.473594419789698
t1_t0.5	measurement	MEF2C	-5.441437273242766
t2_t1	measurement	BHLHE40	-5.433450926078792
t8_t4	measurement	SMAD3	-5.432451263022387
t2_t1	measurement	FLI1	5.431323075472502
t3_t2	measurement	ATF1	-5.405909875114915
t0.5_t0	measurement	SMAD4	5.394293521155002
t2_t1	measurement	MEF2C	5.3894099673353235
t3_t2	measurement	HBP1	-5.381441986578944
t1_t0.5	measurement	ARID3A	-5.238932257379536
t8_t4	measurement	TCF7L1	-5.237281822487777
t3_t2	measurement	CREB1	-5.229559477045126
t1_t0.5	measurement	ATF4	-5.210726065657002
t8_t4	measurement	RELB	-5.206983429678175
t8_t4	measurement	TCF3	-5.196228334848023
t1_t0.5	measurement	NFYB	-5.183228081687911
t0.5_t0	measurement	SP3	5.178768918921331
t1_t0.5	measurement	SMAD1	-5.167614634620653
t8_t4	measurement	SP1	-5.16709235513715
t2_t1	measurement	LYL1	5.162346392040616
t2_t1	measurement	FOXO4	-5.121905912811157
t8_t4	measurement	TEAD4	-5.118283260876754
t8_t4	measurement	ZEB1	-5.104208566533208
t8_t4	measurement	KLF5	-5.10386934633597
t0.5_t0	measurement	EPAS1	5.091014129673166
t8_t4	measurement	RUNX1	-5.060800262923204
t0.5_t0	measurement	KDM5B	5.058766288589703
t0.5_t0	measurement	FOXL2	5.0572721801311085
t8_t4	measurement	E2F4	5.04508699464396
t8_t4	measurement	PGR	-5.030693517689167
t1_t0.5	measurement	ELK4	-5.010198460112272
t2_t1	measurement	NFATC1	-5.003255732549852
t8_t4	measurement	PPARA	-4.913057481575118
t8_t4	measurement	ESR1	-4.880541247136696
t0.5_t0	measurement	POU2F1	4.861633665422871
t0.5_t0	measurement	RARA	4.840407056027692
t2_t1	measurement	MITF	4.832354169606243
t8_t4	measurement	RARA	-4.823421847367164
t4_t3	measurement	OTX2	-4.816917452330032
t8_t4	measurement	LEF1	-4.803281142488371
t8_t4	measurement	EPAS1	-4.781726324698849
t2_t1	measurement	TEAD1	4.689249980986122
t8_t4	measurement	MEF2A	-4.605064032749955
t8_t4	measurement	NFKB1	-4.589140057383986
t1_t0.5	measurement	MEF2A	-4.573730913360515
t2_t1	measurement	TCF3	4.564843111205845
t4_t3	measurement	HBP1	-4.52753564625411
t8_t4	measurement	STAT3	-4.522877562962652
t8_t4	measurement	FOSL2	-4.5116630139498914
t0.5_t0	measurement	ATF2	4.501704216274469
t3_t2	measurement	HIF1A	-4.494117330724674
t8_t4	measurement	RELA	-4.481705095067161
t3_t2	measurement	MITF	-4.426018290114479
t0.5_t0	measurement	PGR	4.393568398545138
t2_t1	measurement	TAL1	4.385904509326916
t8_t4	measurement	JUND	-4.375900359907703
t3_t2	measurement	ZEB2	-4.37505871854454
t8_t4	measurement	IRF2	4.361339381834342
t2_t1	measurement	TP63	4.35743829217614
t0.5_t0	measurement	SOX9	4.30595468978663
t8_t4	measurement	FLI1	-4.286397899801573
t2_t1	measurement	TFAP4	4.2751304854516885
t0.5_t0	measurement	NFKB2	4.264988829646829
t8_t4	measurement	CEBPA	-4.246312411040561
t8_t4	measurement	NEUROD1	-4.236300261128959
t1_t0.5	measurement	STAT4	4.2266080352541495
t8_t4	measurement	BHLHE40	-4.222081883527599
t0.5_t0	measurement	ETV4	4.221584326851246
t0.5_t0	measurement	E2F5	4.2060794574393645
t8_t4	measurement	TEAD2	-4.202377036299955
t8_t4	measurement	ASCL1	-4.188799142975094
t1_t0.5	measurement	TP53	-4.175870201339602
t8_t4	measurement	MEF2B	-4.174733008809109
t8_t4	measurement	ERG	-4.1679332463246705
t8_t4	measurement	MAZ	-4.151765583385508
t8_t4	measurement	MNT	-4.140457061557235
t0.5_t0	measurement	ATF6	4.140328484015244
t2_t1	measurement	NR2F1	4.1355811881896445
t0.5_t0	measurement	ARID3A	4.118432191028784
t0.5_t0	measurement	SMAD3	4.044237246549494
t0.5_t0	measurement	TEAD4	4.02075334398571
t8_t4	measurement	BACH1	-4.013271300770089
t0.5_t0	measurement	FOXO3	4.002959175285787
t3_t2	measurement	SPI1	-3.9969532031160107
t3_t2	measurement	GATA3	-3.9882226153571474
t8_t4	measurement	SP3	-3.9816819767044715
t2_t1	measurement	ELK1	-3.968587470210513
t0.5_t0	measurement	FOSL1	3.916664360963208
t3_t2	measurement	STAT1	-3.8494185609381253
t8_t4	measurement	KLF13	-3.8414306423428366
t4_t3	measurement	SPI1	-3.80448559021085
t2_t1	measurement	ESR1	3.7923602784996406
t0.5_t0	measurement	PRDM1	-3.7733273520073554
t3_t2	measurement	ETV6	-3.7465658826276753
t2_t1	measurement	ETS2	-3.7396521736623276
t4_t3	measurement	GATA2	-3.722179927270847
t1_t0.5	measurement	SMAD4	-3.720499108508798
t4_t3	measurement	FOXA1	-3.7048312035016524
t2_t1	measurement	TEAD4	3.681669982028384
t8_t4	measurement	STAT1	-3.6774873106044272
t2_t1	measurement	RUNX1	3.664913073346695
t8_t4	measurement	XBP1	3.6605809714962536
t0.5_t0	measurement	KLF5	3.6600988883822274
t1_t0.5	measurement	IRF1	-3.64986599568882
t0.5_t0	measurement	MAX	3.647001990116629
t8_t4	measurement	KDM5B	-3.643730071040891
t8_t4	measurement	TP53	-3.603077672958993
t2_t1	measurement	AR	3.5998600049431437
t4_t3	measurement	HIF1A	-3.5979231781507246
t1_t0.5	measurement	IRF2	-3.5826294696623604
t4_t3	measurement	FOXA2	-3.578281312333007
t2_t1	measurement	SMAD3	3.5759083345493736
t0.5_t0	measurement	NR2C2	-3.573022682947234
t2_t1	measurement	E2F6	3.5692552719446713
t8_t4	measurement	MXI1	-3.5673854588049796
t2_t1	measurement	ASCL1	3.560050238369562
t3_t2	measurement	SOX2	-3.553404160601592
t1_t0.5	measurement	STAT2	-3.529438025256124
t8_t4	measurement	SP4	-3.5192134502615318
t3_t2	measurement	MEIS2	-3.5007035812553373
t4_t3	measurement	GATA3	-3.4968042635877112
t2_t1	measurement	MEIS2	-3.4908398438661616
t2_t1	measurement	ETV1	-3.489028198345084
t0.5_t0	measurement	IRF1	3.4887722230250895
t2_t1	measurement	SPI1	3.4754647359541244
t2_t1	measurement	CUX1	3.4739528572561604
t3_t2	measurement	FOXO3	-3.4719759698500625
t0.5_t0	measurement	E2F6	3.469189434417247
t3_t2	measurement	NR4A1	-3.462814685264189
t0.5_t0	measurement	REL	3.4606470094420745
t2_t1	measurement	PRDM1	3.459080138344467
t0.5_t0	measurement	USF2	3.4552574336576867
t1_t0.5	measurement	ETS2	-3.4459370818458828
t4_t3	measurement	GATA1	-3.4421235069011837
t2_t1	measurement	E2F4	-3.44167937310827
t0.5_t0	measurement	ELF1	3.436611852246783
t8_t4	measurement	GATA3	-3.433779026577341
t8_t4	measurement	CEBPB	-3.429682466407588
t3_t2	measurement	FOSL2	-3.4286037658338206
t4_t3	measurement	FOS	-3.421300887113617
t4_t3	measurement	STAT3	-3.418945222821771
t2_t1	measurement	ESR2	3.4133051579921374
t2_t1	measurement	MAX	3.4097551318130472
t0.5_t0	measurement	STAT5B	3.392640465054087
t2_t1	measurement	ERG	3.378482530377461
t0.5_t0	measurement	TP63	3.3721674435100524
t3_t2	measurement	GATA2	-3.3456404005836204
t8_t4	measurement	RARB	-3.3418570479552727
t1_t0.5	measurement	STAT1	-3.324124715868854
t0.5_t0	measurement	MEF2C	3.322919112970106
t0.5_t0	measurement	CLOCK	3.288741874863975
t4_t3	measurement	ATF1	-3.286968426878422
t0.5_t0	measurement	WT1	3.2817024613745587
t3_t2	measurement	NFATC1	-3.2808578204315935
t1_t0.5	measurement	ATF7	-3.2798370912829427
t8_t4	measurement	TCF7	-3.275571047255323
t1_t0.5	measurement	FOXL2	-3.2688225195422738
t3_t2	measurement	KLF5	3.2602590511368157
t0.5_t0	measurement	NFATC1	3.232348143353302
t2_t1	measurement	VDR	3.230734758132612
t3_t2	measurement	ELF3	-3.2199638669541057
t0.5_t0	measurement	STAT5A	3.204893877895947
t0.5_t0	measurement	MXI1	3.195783682579881
t0.5_t0	measurement	ETV1	3.192441395204986
t3_t2	measurement	PKNOX1	-3.168089171895119
t4_t3	measurement	EGR1	-3.1570714457950055
t3_t2	measurement	CDX2	-3.144366058988393
t3_t2	measurement	MEIS1	-3.135120498757463
t2_t1	measurement	RUNX2	3.1331619651915408
t2_t1	measurement	CEBPA	3.129407130073124
t0.5_t0	measurement	IRF4	3.125516808355403
t8_t4	measurement	NFKB2	-3.1216335346568638
t3_t2	measurement	ELK4	-3.11616616885533
t2_t1	measurement	IKZF1	3.11359483796975
t3_t2	measurement	ELF1	-3.0758878026970256
t4_t3	measurement	ATF7	3.066811592010064
t4_t3	measurement	NR2F1	3.064274788196137
t8_t4	measurement	PRDM1	-3.0641342892499197
t1_t0.5	measurement	LEF1	3.060974512405263
t4_t3	measurement	TAL1	-3.0586839942382174
t4_t3	measurement	SOX2	-3.0524651448704225
t2_t1	measurement	PGR	3.0379966849829754
t8_t4	measurement	KLF1	-3.035589007591505
t1_t0.5	measurement	FOSL2	3.035320036752592
t8_t4	measurement	ELK1	-3.0309692146561615
t2_t1	measurement	STAT5A	3.007358304421031
t2_t1	measurement	ZEB1	3.0006967441719268
t3_t2	measurement	FOXA1	-2.9992963159563364
t2_t1	measurement	KDM5B	2.9904164662258848
t0.5_t0	measurement	KLF1	2.9799052243790936
t4_t3	measurement	CREB1	-2.979784212922306
t3_t2	measurement	RBPJ	-2.955195734584464
t0.5_t0	measurement	ZEB1	2.9433345931651567
t0.5_t0	measurement	NFIC	2.9363386010508195
t3_t2	measurement	GATA1	-2.9253104865812736
t1_t0.5	measurement	ETS1	-2.924770854232777
t3_t2	measurement	HNF4A	-2.916942711359582
t4_t3	measurement	FOXO3	-2.8746677737808746
t2_t1	measurement	HSF1	2.870499481835344
t8_t4	measurement	EBF1	-2.870384934818503
t2_t1	measurement	BACH1	2.8659118528647904
t4_t3	measurement	JUN	-2.8610558208941317
t8_t4	measurement	TFAP2A	-2.856518190991584
t0.5_t0	measurement	MNT	2.8531147737490765
t3_t2	measurement	ESR1	-2.8478362077094204
t8_t4	measurement	PBX3	-2.8468697436062342
t3_t2	measurement	TFAP4	-2.84116111687415
t8_t4	measurement	HOXA9	2.8383808730856734
t2_t1	measurement	RELB	2.8351532674824593
t0.5_t0	measurement	ARNTL	2.8325609187344973
t4_t3	measurement	TP73	2.8211717335896545
t2_t1	measurement	IRF2	-2.8146743456738186
t2_t1	measurement	FOXL2	-2.81114228536206
t0.5_t0	measurement	RFX1	-2.80841471017296
t8_t4	measurement	TP63	-2.792610568293265
t8_t4	measurement	GATA6	-2.7853076677372015
t8_t4	measurement	ATF7	2.783623183212517
t1_t0.5	measurement	TP73	-2.778001663290407
t0.5_t0	measurement	SPI1	2.7710523858024203
t0.5_t0	measurement	ZBTB33	-2.770259411710158
t3_t2	measurement	ETV1	-2.7588800233138966
t4_t3	measurement	CREM	-2.7537454842756555
t8_t4	measurement	MAF	-2.7533831954953647
t4_t3	measurement	AR	-2.752609722652453
t3_t2	measurement	TAL1	-2.751566929764327
t0.5_t0	measurement	USF1	2.739685839318152
t2_t1	measurement	NFIC	2.727713061219681
t8_t4	measurement	TWIST1	-2.72500903754236
t0.5_t0	measurement	STAT4	2.718872676666056
t0.5_t0	measurement	SOX2	2.7171138367495593
t4_t3	measurement	MITF	-2.712349260844633
t8_t4	measurement	VDR	-2.7079838464702313
t2_t1	measurement	FOS	2.7079187289393727
t1_t0.5	measurement	PPARG	-2.7067534739905312
t8_t4	measurement	JUNB	-2.7050133368164
t3_t2	measurement	WT1	-2.6967309995883397
t2_t1	measurement	MAZ	2.6849342747014378
t2_t1	measurement	GATA2	2.68150311677244
t3_t2	measurement	NCOA3	-2.6740827354696326
t2_t1	measurement	RARG	-2.6739664754197756
t2_t1	measurement	POU5F1	2.6611634756644174
t2_t1	measurement	STAT4	-2.6487462054526905
t4_t3	measurement	ARID3A	-2.6469182466322803
t1_t0.5	measurement	TCF7L1	2.6447431830131953
t3_t2	measurement	MAX	-2.6416982408886596
t2_t1	measurement	GLI2	2.6403604685448343
t3_t2	measurement	CEBPA	-2.631991888937208
t0.5_t0	measurement	E2F2	-2.626904357813547
t4_t3	measurement	TCF4	-2.625320879004786
t3_t2	measurement	ETS1	-2.6188993491346864
t4_t3	measurement	KMT2A	-2.6011221667077953
t4_t3	measurement	NCOA3	-2.599081607614356
t8_t4	measurement	HBP1	2.595564833713351
t4_t3	measurement	BACH1	-2.590738692686584
t2_t1	measurement	PKNOX1	2.586440073127105
t4_t3	measurement	TCF7L2	-2.5860146977175344
t4_t3	measurement	FOXK2	-2.5799883787292304
t1_t0.5	measurement	NFIC	-2.5782062511029618
t1_t0.5	measurement	SATB1	-2.5778013780497857
t0.5_t0	measurement	ATF1	2.5769105110611976
t3_t2	measurement	SMAD4	-2.574918114125197
t8_t4	measurement	E2F2	2.5565608994896434
t0.5_t0	measurement	NR4A1	2.551819809682225
t2_t1	measurement	MEF2A	2.551786251926355
t0.5_t0	measurement	MYB	2.5460692087667143
t0.5_t0	measurement	HIC1	-2.5444375584178753
t0.5_t0	measurement	SMAD1	2.5398282533803873
t1_t0.5	measurement	FOXO4	-2.528435028196074
t3_t2	measurement	JUNB	-2.5256003679399903
t8_t4	measurement	TBP	-2.5223418573166234
t1_t0.5	measurement	CREM	2.5131327699214476
t1_t0.5	measurement	MAX	2.501168064566658
t2_t1	measurement	PAX6	2.4938960064505373
t3_t2	measurement	MYC	2.493626334343158
t8_t4	measurement	SPI1	-2.4868795799183308
t3_t2	measurement	SPIB	-2.482957093039849
t0.5_t0	measurement	NR1H2	2.4693463930892876
t2_t1	measurement	ARNTL	-2.466555766564027
t8_t4	measurement	HIC1	2.465787705433842
t1_t0.5	measurement	FOXA1	-2.464943340030204
t8_t4	measurement	TFAP4	-2.4627376175551037
t3_t2	measurement	AHR	-2.458497011715995
t4_t3	measurement	ELK1	-2.4548399728048915
t8_t4	measurement	NR2F6	-2.4525223670555363
t1_t0.5	measurement	JUNB	-2.4464180501878623
t8_t4	measurement	FOXA2	-2.4429311346717677
t1_t0.5	measurement	SP3	2.435315543951658
t3_t2	measurement	ELK1	-2.419782667004956
t2_t1	measurement	MEF2B	-2.4138403104374313
t8_t4	measurement	HSF1	-2.4137491119108425
t8_t4	measurement	TFDP1	2.411116689046621
t2_t1	measurement	FOSL2	-2.407999061827185
t1_t0.5	measurement	SMAD5	-2.4064409195026055
t0.5_t0	measurement	FLI1	2.4004230676147102
t8_t4	measurement	GLI2	-2.3978332964563314
t1_t0.5	measurement	REL	-2.3850246118998326
t8_t4	measurement	ETV4	-2.3742025808711
t2_t1	measurement	JUNB	-2.3585755411988187
t1_t0.5	measurement	KLF13	-2.357573794424388
t3_t2	measurement	FOSL1	-2.345609355310463
t0.5_t0	measurement	NEUROD1	2.340114777255059
t4_t3	measurement	MYOD1	2.3401032663050483
t1_t0.5	measurement	FOXK2	-2.333061992344268
t2_t1	measurement	RARB	2.3305702123896395
t0.5_t0	measurement	ATF7	-2.3202864665199834
t3_t2	measurement	VDR	-2.316370982211554
t1_t0.5	measurement	KMT2A	-2.316118762253159
t3_t2	measurement	HHEX	-2.314640719421046
t3_t2	measurement	NR1H2	-2.312850688803937
t4_t3	measurement	STAT1	-2.307270376680044
t3_t2	measurement	HSF1	2.3059990637041765
t0.5_t0	measurement	RUNX1	2.3023422954947446
t4_t3	measurement	HIC1	2.2921258162360614
t4_t3	measurement	GLI1	-2.2878924397144216
t1_t0.5	measurement	PRDM1	-2.2862493452084025
t1_t0.5	measurement	E2F7	-2.28596922752202
t2_t1	measurement	STAT5B	2.2850586370782815
t0.5_t0	measurement	MYC	2.279137076601241
t2_t1	measurement	KLF13	2.2773941910955813
t0.5_t0	measurement	NR5A2	2.2773465460725135
t4_t3	measurement	STAT5A	-2.265132777155269
t3_t2	measurement	ATF2	-2.2616205856333442
t8_t4	measurement	ARID3A	-2.259263099997875
t0.5_t0	measurement	TCF7	2.2555687543136873
t3_t2	measurement	NR3C1	-2.2524455844900166
t4_t3	measurement	KLF6	-2.248367329336342
t2_t1	measurement	STAT3	2.237747444802671
t4_t3	measurement	IRF3	2.2376800179163996
t3_t2	measurement	MEF2A	-2.234075913926533
t3_t2	measurement	GFI1B	-2.2335380251008354
t8_t4	measurement	RFX1	-2.2308322895827026
t1_t0.5	measurement	GATA2	-2.2297406675354536
t3_t2	measurement	ATF3	-2.2215880541281283
t8_t4	measurement	OTX2	-2.2205610427181526
t4_t3	measurement	MYB	-2.2191166447397137
t4_t3	measurement	ZHX1	-2.2125897139359503
t4_t3	measurement	TEAD1	-2.2092198827003395
t4_t3	measurement	FOXO1	-2.2030535434490863
t2_t1	measurement	OTX2	2.1988306627156597
t3_t2	measurement	NFIC	2.189499957410222
t3_t2	measurement	GABPA	-2.1748181698250835
t8_t4	measurement	CLOCK	-2.173758361193042
t8_t4	measurement	FOSL1	-2.1666683605834907
t1_t0.5	measurement	RARB	2.151678308676912
t8_t4	measurement	MEIS2	2.151331521596015
t2_t1	measurement	GFI1B	2.1465393203481598
t4_t3	measurement	MBD1	2.145022264252732
t2_t1	measurement	EPAS1	2.1379909062546827
t2_t1	measurement	ARID3A	2.135520312109295
t4_t3	measurement	SP3	-2.135104863014645
t2_t1	measurement	MAF	2.1239293578370515
t3_t2	measurement	RARB	2.1225329395388735
t4_t3	measurement	PROX1	-2.122246250236135
t2_t1	measurement	EBF1	2.12067594560403
t3_t2	measurement	HOXA9	-2.1166903986691183
t0.5_t0	measurement	TEAD2	2.1134581206682888
t8_t4	measurement	MYC	2.109454427021322
t4_t3	measurement	CEBPA	-2.1043965476039155
t3_t2	measurement	MYOD1	-2.0948198175504893
t4_t3	measurement	TWIST1	2.094301433990436
t0.5_t0	measurement	MAZ	2.0911908051167822
t0.5_t0	measurement	RELB	2.0900726430943886
t2_t1	measurement	PROX1	2.082316997278019
t4_t3	measurement	NFIC	2.0782827245333233
t3_t2	measurement	POU5F1	-2.0707499354255416
t2_t1	measurement	ZNF274	-2.067628973777616
t8_t4	measurement	MEF2C	-2.0656049262345304
t3_t2	measurement	MAFK	2.061572386261443
t2_t1	measurement	SRF	-2.059011497296881
t1_t0.5	measurement	IKZF1	-2.0581576296763084
t3_t2	measurement	NR2F1	2.05366066599908
t2_t1	measurement	PAX5	-2.0512085952457766
t0.5_t0	measurement	POU4F2	2.0500740731330906
t2_t1	measurement	SREBF1	-2.048828288538899
t8_t4	measurement	NRF1	2.048143738533864
t2_t1	measurement	TEAD2	2.045601818820554
t8_t4	measurement	AHR	-2.0389997571038045
t1_t0.5	measurement	JUN	2.037837702977446
t0.5_t0	measurement	GLI2	2.0340775722861437
t2_t1	measurement	NFYB	-2.033121394327257
t3_t2	measurement	IRF8	-2.025727155330283
t3_t2	measurement	KMT2A	-2.0235785018689207
t0.5_t0	measurement	SOX6	2.0213148604069198
t4_t3	measurement	KLF5	2.019529455347253
t8_t4	measurement	MYB	-2.0132171293025016
t4_t3	measurement	TFAP4	-2.011394611741443
t1_t0.5	measurement	FLI1	-2.0082487887724825
t2_t1	measurement	E2F3	-2.0079992562529085
t0.5_t0	measurement	MYBL2	2.0059587069977525
t0.5_t0	measurement	TWIST1	1.9992166331756753
t4_t3	measurement	MYCN	1.9981157713599214
t3_t2	measurement	IRF9	-1.9950100269757927
t8_t4	measurement	STAT2	1.9887959916341431
t8_t4	measurement	NFYB	1.9845158737897848
t1_t0.5	measurement	TFAP2A	-1.9759385414155315
t1_t0.5	measurement	ESR1	-1.9745755745894848
t3_t2	measurement	NR2F2	-1.9731162040529373
t0.5_t0	measurement	ZNF274	1.9716988340475985
t0.5_t0	measurement	CEBPA	1.9709742279773208
t1_t0.5	measurement	E2F4	-1.9690070297104163
t3_t2	measurement	TFDP1	1.9676648178986964
t4_t3	measurement	ARNT	-1.9573773205056941
t2_t1	measurement	MYB	1.956706942687763
t2_t1	measurement	MNT	1.9554379730987952
t8_t4	measurement	CUX1	-1.9539333613541021
t4_t3	measurement	ELF1	-1.947177558597972
t8_t4	measurement	MAFG	-1.946511446697894
t3_t2	measurement	ETS2	-1.9442923442009818
t2_t1	measurement	AHR	1.9421488085614664
t2_t1	measurement	GATA3	1.9265755416370098
t3_t2	measurement	POU2F1	-1.9228460097491669
t4_t3	measurement	NR1H3	-1.9163344076642856
t0.5_t0	measurement	BACH1	1.9097709040538893
t2_t1	measurement	RUNX3	1.9086251417874724
t2_t1	measurement	STAT1	1.9075298973670889
t1_t0.5	measurement	USF1	1.8995279068776854
t1_t0.5	measurement	POU4F2	1.8986625495870533
t8_t4	measurement	HHEX	1.8972796861952719
t3_t2	measurement	NFE2L1	-1.893268916255856
t4_t3	measurement	ZBTB33	-1.890681699623845
t3_t2	measurement	MYCN	1.8863055571872551
t2_t1	measurement	KLF1	1.8835723213294238
t1_t0.5	measurement	FOSL1	1.87996683132429
t3_t2	measurement	POU2F2	-1.8774585957914645
t1_t0.5	measurement	STAT5B	1.8709254778940765
t0.5_t0	measurement	CTCF	1.869656315751216
t4_t3	measurement	NFATC1	-1.8689832894488791
t0.5_t0	measurement	ONECUT1	-1.8634065401955617
t1_t0.5	measurement	RELB	-1.8510557680530968
t0.5_t0	measurement	NFYB	1.8483526914013233
t4_t3	measurement	ONECUT1	-1.8477510768223735
t0.5_t0	measurement	RUNX2	1.8474550785087374
t8_t4	measurement	HIF1A	-1.847203472871644
t8_t4	measurement	FOXO3	1.8450388911274747
t1_t0.5	measurement	RFX5	-1.8449170595944318
t0.5_t0	measurement	GATA6	1.8344415443791562
t0.5_t0	measurement	IRF2	1.8298256755373354
t0.5_t0	measurement	TEAD1	1.8282912939642684
t8_t4	measurement	SP2	1.8220922297721065
t1_t0.5	measurement	TP63	-1.8218954310696953
t1_t0.5	measurement	NCOA3	-1.8138582801777674
t3_t2	measurement	MYBL2	1.8098013177050396
t3_t2	measurement	SRF	-1.80740145602509
t4_t3	measurement	RARA	1.8068941088809223
t4_t3	measurement	KLF1	1.8026934703549347
t4_t3	measurement	NR1H2	-1.790144489706852
t2_t1	measurement	TCF7	1.7894298029041436
t8_t4	measurement	HNF1B	-1.7881563603729222
t0.5_t0	measurement	KLF13	1.784847896616136
t8_t4	measurement	POU2F1	-1.78241958064677
t8_t4	measurement	SMAD5	1.7803775779852482
t0.5_t0	measurement	LYL1	1.778667474155219
t4_t3	measurement	TCF7L1	-1.773768697035197
t1_t0.5	measurement	NFKB1	-1.7663172406376644
t4_t3	measurement	ETS1	-1.7638316099128117
t4_t3	measurement	YY1	-1.759446119132624
t1_t0.5	measurement	E2F1	-1.758761677948604
t4_t3	measurement	NFKB1	-1.7528953348209912
t2_t1	measurement	NFKB1	1.7406528251900115
t2_t1	measurement	MBD1	1.740170574018914
t3_t2	measurement	PBX3	1.7394315799196127
t8_t4	measurement	GATA1	1.7387283235863074
t2_t1	measurement	NFYA	-1.7374604384250352
t4_t3	measurement	ETV4	-1.7369962163083266
t1_t0.5	measurement	ZEB2	1.7359315494540044
t4_t3	measurement	RELA	-1.7290033678263275
t0.5_t0	measurement	SREBF1	1.7262225696830198
t3_t2	measurement	XBP1	-1.7259863929317605
t1_t0.5	measurement	VDR	-1.725695542474753
t4_t3	measurement	MAX	-1.7245095603300653
t8_t4	measurement	MITF	-1.724018399039648
t1_t0.5	measurement	ARNT	-1.7200818959309057
t3_t2	measurement	NR1H3	-1.7145172137641
t0.5_t0	measurement	ELF3	1.7106842080793716
t2_t1	measurement	ETV6	1.7077712646750258
t2_t1	measurement	BCL6	-1.7032864957448475
t4_t3	measurement	PPARG	1.6983520074823586
t2_t1	measurement	SP3	1.6960772565983229
t8_t4	measurement	SOX2	-1.6958762030131227
t1_t0.5	measurement	LYL1	1.6883973338390377
t1_t0.5	measurement	KLF4	1.6867712677707538
t3_t2	measurement	RELB	1.6837385055546175
t0.5_t0	measurement	NCOA1	-1.683367796236329
t4_t3	measurement	MNT	1.682927865167983
t2_t1	measurement	MYCN	1.6823900768073983
t1_t0.5	measurement	ESR2	-1.6807859587971175
t2_t1	measurement	NFKB2	1.6749474501629766
t3_t2	measurement	NR2F6	-1.6710100081740238
t2_t1	measurement	SMAD4	1.6683943305406777
t4_t3	measurement	ARNTL	-1.668220677167725
t1_t0.5	measurement	IRF8	1.6676809957843666
t8_t4	measurement	CREB1	-1.6638818163961469
t8_t4	measurement	ESRRA	-1.6618552014679588
t2_t1	measurement	ATF3	-1.6605341275458592
t1_t0.5	measurement	GATA3	-1.6599616345007926
t2_t1	measurement	KLF6	1.659808373974124
t3_t2	measurement	TP53	-1.6584675931879904
t4_t3	measurement	NFKB2	-1.6583227752818333
t0.5_t0	measurement	RFX5	1.6577200726760988
t2_t1	measurement	PBX3	1.65180991978863
t3_t2	measurement	NR2C2	1.6514836407470928
t3_t2	measurement	FOS	-1.6514383259149321
t2_t1	measurement	SOX9	-1.63820483817954
t4_t3	measurement	HSF1	1.6294007260431635
t0.5_t0	measurement	BCL6	1.626941231918023
t3_t2	measurement	FOXK2	-1.6254978904047073
t2_t1	measurement	SREBF2	1.6232685181210134
t0.5_t0	measurement	CREM	1.6146291308642027
t4_t3	measurement	NR4A1	-1.612563734551898
t1_t0.5	measurement	TWIST1	-1.606719705411637
t8_t4	measurement	AR	-1.6016667607542738
t1_t0.5	measurement	BHLHE40	-1.6011199835393928
t4_t3	measurement	ETV6	-1.5992887076554676
t4_t3	measurement	ASCL1	1.5992737574577365
t4_t3	measurement	TBX21	1.5991697457395646
t0.5_t0	measurement	GATA3	1.5938735298203697
t2_t1	measurement	USF2	1.5919370539997568
t2_t1	measurement	RFX1	1.5881358698497845
t2_t1	measurement	NR1H2	-1.5664613501810072
t8_t4	measurement	SMAD4	-1.5659274142200568
t2_t1	measurement	WT1	-1.5602077386558506
t1_t0.5	measurement	USF2	-1.5549997646970544
t2_t1	measurement	RFX5	1.553599956997663
t0.5_t0	measurement	SREBF2	1.5384550018555048
t8_t4	measurement	ARNT	1.5343475296707525
t8_t4	measurement	ATF1	1.5282168057957484
t4_t3	measurement	RUNX2	-1.524486633660982
t4_t3	measurement	MYC	-1.521130942361835
t3_t2	measurement	SREBF1	-1.51445425786081
t0.5_t0	measurement	NFYA	1.5136598768978022
t4_t3	measurement	CUX1	-1.512019647903811
t3_t2	measurement	TBP	-1.5062708578572144
t4_t3	measurement	SP4	-1.5041475274328433
t2_t1	measurement	ELF1	-1.503229352900901
t3_t2	measurement	BCL6	-1.501985744943301
t4_t3	measurement	KDM5B	-1.5018548807201677
t4_t3	measurement	IKZF1	-1.495724105236682
t2_t1	measurement	ELF3	1.4945821857802308
t0.5_t0	measurement	NR2F1	1.4889654134832926
t8_t4	measurement	SREBF2	-1.488670735621325
t8_t4	measurement	HINFP	1.487841311336435
t8_t4	measurement	FOXA1	-1.4876132895058225
t2_t1	measurement	SOX6	-1.4857477653032416
t1_t0.5	measurement	IRF4	-1.4857131665511292
t2_t1	measurement	NFE2L2	-1.484185161411271
t2_t1	measurement	NR2F6	1.4820485888017758
t0.5_t0	measurement	TP73	1.4811659314600254
t0.5_t0	measurement	NR1H3	1.4793407230244942
t2_t1	measurement	MAFK	1.4785505054223518
t8_t4	measurement	SATB1	1.477924955279451
t8_t4	measurement	NR2F2	-1.4772363736718317
t1_t0.5	measurement	MITF	-1.4745127882120688
t8_t4	measurement	PKNOX1	1.4738083336948655
t0.5_t0	measurement	TFDP1	-1.4732807887669723
t0.5_t0	measurement	NCOA3	1.4706676059588926
t3_t2	measurement	YBX1	-1.469339092794777
t1_t0.5	measurement	CREB1	-1.4636869182301793
t4_t3	measurement	PGR	-1.462447672219818
t4_t3	measurement	TBP	-1.4617088773262348
t0.5_t0	measurement	GLI1	-1.4588140263206184
t8_t4	measurement	GATA2	-1.4581053372555663
t2_t1	measurement	FOXA2	1.443633611371213
t4_t3	measurement	TCF7	-1.4405023275864959
t4_t3	measurement	E2F4	-1.4373735314960066
t4_t3	measurement	FOSL1	-1.4340100989788565
t4_t3	measurement	E2F3	1.4320375462240482
t8_t4	measurement	POU5F1	-1.4294073160552645
t1_t0.5	measurement	FOXM1	-1.4265115878942731
t3_t2	measurement	STAT5A	-1.425117162501143
t1_t0.5	measurement	SRF	1.4138754148797166
t4_t3	measurement	SP1	-1.413691862312396
t4_t3	measurement	MXI1	1.4129344577627676
t3_t2	measurement	HNF1B	-1.4125220425555736
t4_t3	measurement	SPIB	1.4116870874015712
t1_t0.5	measurement	SOX9	-1.407845629357047
t4_t3	measurement	STAT5B	-1.4076424539730403
t1_t0.5	measurement	HNF4A	-1.4003926209671194
t4_t3	measurement	RXRA	1.39279853961039
t4_t3	measurement	PRDM1	-1.3915282046233715
t3_t2	measurement	NCOA2	-1.3912385103424658
t3_t2	measurement	TCF3	1.3891156236486473
t8_t4	measurement	USF1	-1.3888930023480999
t0.5_t0	measurement	ARNT	1.3862011116743218
t8_t4	measurement	NR2C2	1.3849208911784499
t4_t3	measurement	HOXB7	-1.3827028616390877
t2_t1	measurement	CREB1	-1.3816474486432653
t4_t3	measurement	NCOA2	-1.3790324447001678
t4_t3	measurement	E2F2	1.3756686428494913
t1_t0.5	measurement	GLI1	1.3718247614712336
t0.5_t0	measurement	FOXM1	1.369496502558703
t4_t3	measurement	RFX1	1.3674231376300745
t4_t3	measurement	SOX6	1.3671884261710414
t4_t3	measurement	NR3C1	-1.3662987401143447
t0.5_t0	measurement	TFAP4	1.3662304262555238
t4_t3	measurement	XBP1	-1.3651407058490248
t1_t0.5	measurement	KLF1	-1.3611911237529615
t0.5_t0	measurement	RARB	1.3610290755683934
t4_t3	measurement	GATA6	-1.3601753019123815
t4_t3	measurement	JUNB	-1.3601637340728692
t4_t3	measurement	TFAP2A	1.356468533048112
t4_t3	measurement	ETV1	1.3560376354867159
t3_t2	measurement	GATA6	-1.3555063974587858
t2_t1	measurement	RBPJ	-1.347024380604836
t4_t3	measurement	GABPA	-1.345873220559758
t1_t0.5	measurement	CEBPA	-1.3448587437492399
t1_t0.5	measurement	RARG	-1.3443366237165917
t1_t0.5	measurement	IRF3	-1.3440742664474112
t0.5_t0	measurement	FOXA2	1.3421789927745655
t1_t0.5	measurement	RXRA	-1.3412787107127415
t0.5_t0	measurement	ZEB2	1.339710403169719
t4_t3	measurement	ZEB2	-1.3373631524753034
t0.5_t0	measurement	TCF4	1.3373237416001738
t3_t2	measurement	ATF6	1.336884393427611
t4_t3	measurement	GLI2	-1.3316923235876439
t1_t0.5	measurement	STAT3	-1.3289465858814817
t8_t4	measurement	SOX9	-1.3282913541836001
t8_t4	measurement	STAT6	-1.3207830933686835
t2_t1	measurement	ESRRA	1.3196744709575163
t2_t1	measurement	REST	1.3193191725140534
t2_t1	measurement	MYBL2	-1.3154095205720087
t1_t0.5	measurement	NFKB2	-1.314562216261791
t1_t0.5	measurement	ARNTL	-1.3124597654881565
t1_t0.5	measurement	E2F5	1.310821585743306
t4_t3	measurement	ELF3	-1.309592862329019
t2_t1	measurement	ATF4	-1.3082957928780856
t8_t4	measurement	NFIC	-1.3030869187744762
t2_t1	measurement	PPARA	-1.2989688285405363
t1_t0.5	measurement	ATF3	-1.296152490104217
t2_t1	measurement	USF1	1.2910305641335167
t2_t1	measurement	ATF7	-1.2845553355159653
t0.5_t0	measurement	MBD1	-1.283550713555993
t1_t0.5	measurement	TCF4	1.2801741305250245
t3_t2	measurement	ATF7	-1.2760861960180092
t0.5_t0	measurement	IRF9	1.2721713147494018
t1_t0.5	measurement	HOXA9	-1.270030766162369
t8_t4	measurement	IRF3	1.268762567335495
t0.5_t0	measurement	IKZF1	1.2684692019909654
t2_t1	measurement	SATB1	-1.2683627224912286
t0.5_t0	measurement	POU2F2	1.2660299455621888
t1_t0.5	measurement	NRF1	-1.2658460830033385
t3_t2	measurement	PROX1	-1.265717175785649
t2_t1	measurement	JUND	-1.2608385043475667
t8_t4	measurement	SREBF1	1.2528961989079512
t8_t4	measurement	NFATC1	-1.2484361656717886
t1_t0.5	measurement	ZNF274	1.2468547340012865
t3_t2	measurement	PRDM1	1.2426746949439436
t1_t0.5	measurement	MXI1	-1.240947131420807
t4_t3	measurement	TFDP1	-1.239533881024969
t8_t4	measurement	MYCN	-1.2315496953263794
t1_t0.5	measurement	GLI2	1.228915933053205
t8_t4	measurement	PAX6	-1.2272502768040785
t4_t3	measurement	RELB	-1.227217860860291
t2_t1	measurement	E2F2	-1.2270263188630661
t3_t2	measurement	USF1	-1.2236004501062412
t1_t0.5	measurement	GATA4	1.2138637053464607
t0.5_t0	measurement	TAL1	1.211239342239341
t0.5_t0	measurement	TBX21	1.2088778193163516
t0.5_t0	measurement	E2F7	1.2078995158180799
t1_t0.5	measurement	JUND	-1.2071096425739425
t3_t2	measurement	E2F2	1.2025692386255513
t3_t2	measurement	SATB1	-1.2020458477502385
t4_t3	measurement	HOXA9	-1.1983439692103535
t0.5_t0	measurement	STAT6	1.1983319524077694
t3_t2	measurement	TEAD2	1.1980073863427898
t4_t3	measurement	IRF2	-1.195873800288882
t0.5_t0	measurement	HBP1	1.193720399527598
t3_t2	measurement	E2F4	1.1916006712854912
t2_t1	measurement	MYOD1	1.191239700498579
t8_t4	measurement	GABPA	1.1892648149395084
t2_t1	measurement	SOX2	1.188300509629545
t3_t2	measurement	POU4F2	-1.186449916731363
t8_t4	measurement	RUNX2	-1.1857404121580015
t4_t3	measurement	PAX8	-1.1836476093255173
t4_t3	measurement	FOSL2	-1.1811318976912053
t4_t3	measurement	NEUROD1	1.1800179370971327
t1_t0.5	measurement	MAFK	-1.1796174407841769
t1_t0.5	measurement	EBF1	-1.1777686801042955
t3_t2	measurement	SP2	-1.1776251025294897
t1_t0.5	measurement	SOX6	-1.1651644532857741
t8_t4	measurement	REST	-1.1594590423722786
t0.5_t0	measurement	STAT2	1.157065122139907
t2_t1	measurement	KMT2A	-1.156359134638399
t3_t2	measurement	IKZF1	-1.1488106636573117
t4_t3	measurement	LYL1	-1.146223649426346
t8_t4	measurement	ZBTB33	1.1458677397130324
t0.5_t0	measurement	YBX1	1.1454357574294536
t4_t3	measurement	KLF13	1.1382915253416335
t4_t3	measurement	MEF2A	-1.1356716650160161
t3_t2	measurement	HOXB7	-1.1353124014937823
t4_t3	measurement	CDX2	-1.13441552798107
t1_t0.5	measurement	SPI1	-1.128975596764363
t1_t0.5	measurement	AR	-1.1278062476233657
t4_t3	measurement	REL	1.1214801932163876
t1_t0.5	measurement	TCF3	-1.1209702671684996
t8_t4	measurement	RXRA	-1.1205808577953498
t3_t2	measurement	SOX6	1.1202789134036226
t3_t2	measurement	STAT4	1.1196935589322201
t1_t0.5	measurement	TCF7L2	1.115822697600134
t4_t3	measurement	POU2F1	-1.1110045305649159
t4_t3	measurement	SMAD4	-1.1093944133290936
t3_t2	measurement	NFYA	-1.1081627927529458
t2_t1	measurement	NCOA3	1.1008716878679772
t3_t2	measurement	STAT3	-1.0999557282921109
t4_t3	measurement	PBX3	-1.0996337216624819
t1_t0.5	measurement	HOXB7	1.0980956411832308
t4_t3	measurement	HNF1B	-1.0949358809735936
t3_t2	measurement	NR5A2	1.0947619076349275
t0.5_t0	measurement	MAF	1.0866337541589135
t8_t4	measurement	POU2F2	-1.0861992198683472
t2_t1	measurement	SP4	1.0852192803085288
t1_t0.5	measurement	GATA6	-1.080826631238406
t4_t3	measurement	USF1	1.0778865631593628
t1_t0.5	measurement	NCOA1	-1.0774552468882408
t3_t2	measurement	USF2	1.0761599536249102
t4_t3	measurement	E2F5	-1.0609265363674902
t3_t2	measurement	ONECUT1	-1.059195662791043
t3_t2	measurement	PAX6	-1.052323692422792
t4_t3	measurement	ZEB1	-1.0506230811131436
t3_t2	measurement	TWIST1	1.049448030868374
t8_t4	measurement	IRF1	1.04895623905797
t8_t4	measurement	E2F7	1.0488884586152176
t1_t0.5	measurement	HNF1B	1.0471284048410856
t3_t2	measurement	SMAD5	-1.046051962958116
t1_t0.5	measurement	NCOA2	-1.0450286275573342
t0.5_t0	measurement	SATB1	-1.0435112794677959
t3_t2	measurement	RELA	-1.042835393526671
t8_t4	measurement	NFYA	1.0400794187135554
t3_t2	measurement	E2F6	1.038531932248195
t1_t0.5	measurement	E2F6	-1.038200616478289
t4_t3	measurement	IRF4	1.0372805284303108
t2_t1	measurement	KLF4	1.0331472473426297
t8_t4	measurement	SMAD1	1.032667218107784
t3_t2	measurement	KLF4	-1.0319306784145845
t4_t3	measurement	SATB1	1.0310591043705115
t1_t0.5	measurement	RUNX3	-1.0307200894582784
t1_t0.5	measurement	HIF1A	-1.0300316417581608
t8_t4	measurement	FOXM1	1.0281893151460262
t4_t3	measurement	E2F1	-1.0172079154171305
t1_t0.5	measurement	ETV6	1.011128065899861
t8_t4	measurement	IRF8	-1.0084296491102427
t1_t0.5	measurement	SP2	-1.006462406390902
t3_t2	measurement	GLI1	1.0035137611608587
t3_t2	measurement	ZHX1	-1.0003923085937576
t2_t1	measurement	NFE2L1	-1.000048416479284
t4_t3	measurement	ERG	-0.9988885060782032
t3_t2	measurement	IRF3	-0.9974230711545357
t8_t4	measurement	REL	-0.9965346478553415
t2_t1	measurement	NRF1	-0.9959062283321719
t2_t1	measurement	REL	-0.9937402873337738
t8_t4	measurement	MYBL2	-0.9928591229406466
t4_t3	measurement	ESRRA	0.9926220944116989
t3_t2	measurement	ARNTL	-0.9920606249076893
t8_t4	measurement	IKZF1	-0.990076511414773
t4_t3	measurement	HNF4A	0.9899840648525782
t4_t3	measurement	NRF1	0.9893432767077232
t1_t0.5	measurement	HINFP	0.988465130245891
t4_t3	measurement	CTCF	0.9871977485622044
t1_t0.5	measurement	TCF7	0.9811290326736527
t0.5_t0	measurement	PAX6	0.9807418182355419
t4_t3	measurement	FOXO4	0.9752729433047534
t1_t0.5	measurement	SP4	0.9745587922161252
t3_t2	measurement	LEF1	0.9732044124006535
t2_t1	measurement	TBX21	-0.9714900156983877
t1_t0.5	measurement	EGR1	0.9702938056738782
t4_t3	measurement	VDR	-0.9669316436200869
t3_t2	measurement	ARNT	-0.9666863178796756
t3_t2	measurement	BACH1	-0.9607198776971422
t1_t0.5	measurement	TBP	-0.9552737631945459
t8_t4	measurement	IRF4	-0.9546132602261675
t1_t0.5	measurement	NR2C2	0.9540015201907518
t1_t0.5	measurement	NFYA	-0.9496287408242363
t0.5_t0	measurement	PKNOX1	0.9472465866448628
t4_t3	measurement	PAX6	-0.9456369097615639
t2_t1	measurement	YBX1	-0.945134170546949
t3_t2	measurement	GLI2	-0.9405997596575341
t8_t4	measurement	BCL6	0.9400857122706643
t2_t1	measurement	NR1H3	-0.9395524470357212
t3_t2	measurement	HIC1	-0.9383222602406088
t2_t1	measurement	ETS1	0.9375244591069127
t4_t3	measurement	RARG	0.9366717019513096
t2_t1	measurement	TFDP1	-0.9362084801794046
t0.5_t0	measurement	FOXO1	0.9361281776485286
t1_t0.5	measurement	YBX1	-0.9327597687759358
t1_t0.5	measurement	NR5A2	-0.9325591045621722
t1_t0.5	measurement	ELF3	0.929408177802394
t4_t3	measurement	TEAD4	-0.9272662906937552
t2_t1	measurement	GATA4	-0.9255129502343911
t0.5_t0	measurement	SP4	0.9240454326732722
t3_t2	measurement	TBX21	-0.9238684749205697
t1_t0.5	measurement	KLF5	-0.9219770995257893
t3_t2	measurement	NFYB	-0.9208273691902944
t4_t3	measurement	E2F6	-0.9200983804069042
t0.5_t0	measurement	SMAD5	-0.9131434346680061
t3_t2	measurement	RARA	0.9118926424277238
t4_t3	measurement	MEIS2	0.9100910164720379
t8_t4	measurement	NCOA3	-0.9094204652699491
t1_t0.5	measurement	ASCL1	0.90869466375208785
t8_t4	measurement	NR1H3	-0.9084189078471169
t2_t1	measurement	JUN	-0.9021448491124381
t4_t3	measurement	SREBF2	0.8978813018673117
t4_t3	measurement	ETS2	-0.8942814143377176
t3_t2	measurement	PAX5	-0.8910478792663445
t1_t0.5	measurement	NR2F1	-0.8907736386096746
t8_t4	measurement	ELK4	-0.8901376655090881
t4_t3	measurement	NR2C2	0.8896337483472742
t3_t2	measurement	KLF13	0.8891633390609567
t3_t2	measurement	NCOA1	-0.8889897398613874
t1_t0.5	measurement	MYOD1	-0.8868151402026223
t4_t3	measurement	YBX1	0.8859988005728817
t8_t4	measurement	NCOA1	-0.8820989155201728
t0.5_t0	measurement	FOXK2	0.8802499842023059
t2_t1	measurement	LEF1	0.8726552253073407
t1_t0.5	measurement	MYBL2	-0.8716358739822916
t1_t0.5	measurement	NR2F6	0.8705241296142515
t3_t2	measurement	FOXA2	0.8701681915405677
t3_t2	measurement	KDM5B	0.8689859528192648
t2_t1	measurement	IRF9	-0.8665294545613436
t2_t1	measurement	NEUROD1	0.8662100488497307
t3_t2	measurement	SP3	0.86598534296415
t2_t1	measurement	SP1	0.8643446815182794
t8_t4	measurement	ATF2	-0.8639821958820673
t3_t2	measurement	ERG	0.8608503350044824
t8_t4	measurement	ETV1	0.8570767379972976
t0.5_t0	measurement	SP2	-0.8549924738837882
t4_t3	measurement	BCL6	0.8545510526855876
t2_t1	measurement	NR5A2	0.8514360530008344
t2_t1	measurement	FOXM1	-0.849935435137876
t0.5_t0	measurement	GFI1B	0.8445348143720472
t3_t2	measurement	TEAD4	0.842632971347161
t1_t0.5	measurement	ERG	0.8407319737396013
t4_t3	measurement	JUND	-0.840335958402886
t3_t2	measurement	E2F3	0.8398295969122508
t8_t4	measurement	NR5A2	-0.8380298589003871
t1_t0.5	measurement	HHEX	-0.8379444637847393
t0.5_t0	measurement	PBX3	-0.8360014402842023
t0.5_t0	measurement	REST	0.8316217594898174
t1_t0.5	measurement	TAL1	-0.8300440217639261
t1_t0.5	measurement	MNT	0.8282284744764008
t4_t3	measurement	RBPJ	-0.82816530801926
t0.5_t0	measurement	PAX8	0.8265639922114664
t8_t4	measurement	GLI1	-0.8263693051263119
t3_t2	measurement	SREBF2	-0.8251193243448526
t0.5_t0	measurement	GATA2	0.8221147509663548
t1_t0.5	measurement	ATF2	-0.8139238425410107
t3_t2	measurement	STAT2	-0.8136329303841375
t3_t2	measurement	SMAD1	0.8125345268834846
t1_t0.5	measurement	RELA	-0.8119953398654638
t0.5_t0	measurement	MAFG	0.8101344489551181
t0.5_t0	measurement	NCOA2	-0.8092227559955311
t4_t3	measurement	LEF1	-0.8083188092954379
t8_t4	measurement	IRF9	0.8080875344392554
t8_t4	measurement	FOXO4	0.8074554009983392
t4_t3	measurement	FLI1	-0.8059456635134095
t0.5_t0	measurement	ETV6	0.8024377337338342
t1_t0.5	measurement	ELF1	-0.7997566989991369
t8_t4	measurement	NR3C1	0.7991564703044584
t1_t0.5	measurement	FOXO1	0.7991083557071313
t0.5_t0	measurement	KMT2A	0.7956138063109052
t3_t2	measurement	CTCF	-0.7951187287151267
t2_t1	measurement	POU4F2	0.78982083031108
t1_t0.5	measurement	TEAD4	-0.7839142798273654
t3_t2	measurement	CREM	-0.7773416852201115
t0.5_t0	measurement	MEIS2	0.7756020905774833
t0.5_t0	measurement	ERG	0.7726367437345
t4_t3	measurement	AHR	-0.772374400294898
t1_t0.5	measurement	POU2F2	-0.7718588293116213
t2_t1	measurement	PAX8	0.7717299941959468
t2_t1	measurement	NR4A1	0.7712781616152394
t2_t1	measurement	ATF2	-0.7686473234056774
t4_t3	measurement	SREBF1	0.7664271913774561
t1_t0.5	measurement	HIC1	-0.7635769991091294
t3_t2	measurement	CEBPB	-0.7630522964157691
t8_t4	measurement	E2F5	-0.7625379871363627
t2_t1	measurement	RELA	-0.7594270348703795
t1_t0.5	measurement	ATF6	-0.7581751894390848
t3_t2	measurement	NEUROD1	-0.7579816053135766
t8_t4	measurement	PAX8	-0.7552719218210613
t0.5_t0	measurement	E2F4	-0.7542871582879502
t8_t4	measurement	ATF4	0.7423532019810511
t1_t0.5	measurement	CUX1	0.7421372633345964
t2_t1	measurement	STAT2	-0.7404966931368171
t4_t3	measurement	STAT4	-0.7395082369539281
t3_t2	measurement	SOX9	0.7328692128156632
t8_t4	measurement	ZEB2	-0.7318173116234953
t1_t0.5	measurement	GFI1B	0.7317867230535279
t3_t2	measurement	JUN	-0.7302166793919896
t1_t0.5	measurement	KDM5B	-0.7298631849889002
t4_t3	measurement	NFYB	-0.7294619111378285
t2_t1	measurement	TCF4	0.7261652744605822
t2_t1	measurement	SP2	-0.7256352734789782
t4_t3	measurement	GFI1B	-0.7194128477289616
t2_t1	measurement	ZBTB33	-0.7165162977192556
t1_t0.5	measurement	NFE2L2	-0.7162163368765653
t1_t0.5	measurement	MBD1	-0.7141721264278271
t0.5_t0	measurement	CDX2	0.7131938876585497
t3_t2	measurement	PGR	-0.7111500542614299
t3_t2	measurement	TEAD1	-0.7108842090452366
t8_t4	measurement	NR1H2	-0.7104060918180977
t8_t4	measurement	ESR2	-0.7090729297698084
t2_t1	measurement	HOXB7	0.7078532059429468
t3_t2	measurement	ESR2	-0.7071947372967313
t1_t0.5	measurement	PPARA	0.7071582006478898
t4_t3	measurement	SMAD1	0.7068635864267379
t3_t2	measurement	EBF1	-0.7068346152251542
t1_t0.5	measurement	POU2F1	0.7019284618642277
t4_t3	measurement	FOXL2	-0.7005957954915638
t1_t0.5	measurement	ETV1	-0.6983801689464022
t3_t2	measurement	SMAD3	-0.6930611991981971
t3_t2	measurement	TCF7L1	-0.6882906714108433
t1_t0.5	measurement	CEBPB	-0.6856090079515704
t3_t2	measurement	YY1	0.6817257062980285
t1_t0.5	measurement	SREBF1	0.6814624509672955
t8_t4	measurement	PPARG	0.6812974305738752
t1_t0.5	measurement	RFX1	-0.6809228318883028
t1_t0.5	measurement	NR1H3	0.6804587695461981
t8_t4	measurement	CREM	-0.6792304720042386
t4_t3	measurement	REST	0.6742571657434481
t2_t1	measurement	ZHX1	-0.669800768903668
t3_t2	measurement	HINFP	-0.6693344178290597
t1_t0.5	measurement	MAFG	-0.6691761178615765
t1_t0.5	measurement	POU5F1	-0.6674598342611401
t8_t4	measurement	NR4A1	0.6673860055402709
t2_t1	measurement	NR3C1	-0.6667763990032215
t8_t4	measurement	FOXO1	0.6651761021663571
t1_t0.5	measurement	MAZ	-0.6624989680807662
t3_t2	measurement	STAT5B	0.6612881062257663
t3_t2	measurement	PAX8	0.6606218895773968
t4_t3	measurement	TP63	-0.6598936754949077
t4_t3	measurement	RUNX1	-0.658277688097485
t4_t3	measurement	MEIS1	0.6537381449005566
t1_t0.5	measurement	PAX6	-0.6509829689370131
t1_t0.5	measurement	MYC	0.650878998012392
t3_t2	measurement	REL	0.6506390787173184
t3_t2	measurement	GATA4	-0.6482523089524193
t3_t2	measurement	RARG	-0.6468215717979131
t3_t2	measurement	KLF6	-0.64582701744711
t8_t4	measurement	PROX1	-0.644176119129821
t1_t0.5	measurement	CTCF	-0.6414625809890487
t4_t3	measurement	CLOCK	-0.639103933415557
t2_t1	measurement	GATA6	0.6329324699010609
t4_t3	measurement	STAT2	0.6327845508870471
t1_t0.5	measurement	SOX2	-0.6323735927417156
t2_t1	measurement	MYC	0.6284442586410707
t0.5_t0	measurement	MYOD1	0.6284132143439457
t2_t1	measurement	IRF4	0.6265726679376977
t0.5_t0	measurement	EBF1	0.6256842558144693
t1_t0.5	measurement	ZHX1	-0.6234353715112302
t4_t3	measurement	ATF2	-0.6205447166141863
t8_t4	measurement	CDX2	-0.6193142200793729
t4_t3	measurement	ATF6	0.6170286833506425
t1_t0.5	measurement	RARA	-0.6164465071795631
t2_t1	measurement	KLF5	-0.6152944401484446
t0.5_t0	measurement	YY1	0.6134441087762758
t1_t0.5	measurement	NEUROD1	0.6095263654700275
t2_t1	measurement	TP73	-0.6077539915921129
t3_t2	measurement	ASCL1	0.6034828791719401
t2_t1	measurement	CLOCK	-0.6017479659289602
t2_t1	measurement	TCF7L2	0.6010648426986503
t3_t2	measurement	MEF2C	0.6002997593649384
t4_t3	measurement	POU5F1	0.599431638591725
t1_t0.5	measurement	TEAD2	0.5994004168269532
t8_t4	measurement	WT1	-0.5979828996660855
t3_t2	measurement	RFX1	0.5924132598918982
t1_t0.5	measurement	STAT5A	-0.5917235503025604
t3_t2	measurement	MAFG	0.5816711993212534
t8_t4	measurement	E2F3	0.5785054460614133
t3_t2	measurement	SP1	0.5780755675531394
t4_t3	measurement	E2F7	0.5763772972680824
t4_t3	measurement	TCF3	0.5760825408013127
t1_t0.5	measurement	WT1	-0.5750070203969393
t2_t1	measurement	HOXA9	0.5747551707894691
t8_t4	measurement	ELF1	0.5681810951227841
t1_t0.5	measurement	PROX1	0.5678055974959003
t1_t0.5	measurement	ETV4	-0.5674099921698664
t3_t2	measurement	MYB	0.5670652824346554
t0.5_t0	measurement	IRF3	-0.5639271981140792
t1_t0.5	measurement	EPAS1	0.5626599564914893
t2_t1	measurement	E2F1	-0.562334981148407
t1_t0.5	measurement	PGR	0.560496972040151
t1_t0.5	measurement	PAX5	-0.559743993003673
t0.5_t0	measurement	SPIB	0.5559633595457554
t3_t2	measurement	NFKB1	-0.5511946885171103
t1_t0.5	measurement	NR4A1	-0.5510643500169777
t1_t0.5	measurement	ESRRA	0.5497599650838528
t3_t2	measurement	MAF	-0.5488433440766491
t0.5_t0	measurement	ESRRA	0.5482595066851673
t2_t1	measurement	GABPA	0.5481363922899315
t4_t3	measurement	PAX5	0.5468003611515614
t3_t2	measurement	BHLHE40	0.5462511147113212
t2_t1	measurement	E2F7	0.5460486205671631
t1_t0.5	measurement	PAX8	0.5439910211647982
t3_t2	measurement	MEF2B	0.5431956594144794
t0.5_t0	measurement	ASCL1	0.5422741641309304
t1_t0.5	measurement	MAF	0.5405136356751383
t2_t1	measurement	MAFG	0.5379713782962392
t1_t0.5	measurement	RUNX2	0.5379282229980232
t0.5_t0	measurement	ZHX1	-0.5375866014784598
t4_t3	measurement	SMAD5	-0.5308687379426051
t8_t4	measurement	ZHX1	0.5303463430055304
t1_t0.5	measurement	ZBTB33	0.5292718176070703
t2_t1	measurement	HIC1	0.5288144307837337
t2_t1	measurement	E2F5	-0.5275136677838016
t0.5_t0	measurement	PROX1	0.5245882566566833
t0.5_t0	measurement	NR2F6	-0.5231569625031789
t8_t4	measurement	HOXB7	-0.5225518234741653
t1_t0.5	measurement	TFAP4	0.5219323981752639
t4_t3	measurement	MAFG	-0.5208976289108247
t1_t0.5	measurement	ATF1	-0.516457822163915
t3_t2	measurement	MXI1	-0.514010730264965
t2_t1	measurement	POU2F1	0.5080101446126287
t1_t0.5	measurement	SMAD3	-0.5076278711650009
t1_t0.5	measurement	YY1	0.5025354150902156
t1_t0.5	measurement	NR1H2	-0.5002576163052681
t1_t0.5	measurement	CDX2	0.49808323985086167
t2_t1	measurement	ATF1	-0.4978660388616869
t0.5_t0	measurement	IRF8	0.4974659364709652
t4_t3	measurement	SP2	0.49512938547155094
t1_t0.5	measurement	MYCN	0.4946795593784806
t8_t4	measurement	RFX5	0.4925374542260605
t8_t4	measurement	STAT4	-0.4924081552583985
t3_t2	measurement	EGR1	0.4905040770136904
t0.5_t0	measurement	MYCN	-0.48870985191651967
t1_t0.5	measurement	E2F3	-0.484596488304543
t2_t1	measurement	FOSL1	0.48380437726998576
t2_t1	measurement	ELK4	0.4794815728792627
t8_t4	measurement	TP73	-0.4793170732271259
t8_t4	measurement	NCOA2	0.4777677208276658
t3_t2	measurement	KLF1	0.4719334254993759
t2_t1	measurement	POU2F2	0.46819518740138477
t2_t1	measurement	MXI1	-0.46659841890210546
t2_t1	measurement	FOXO1	0.4654137530212
t1_t0.5	measurement	BCL6	0.46540645093980354
t2_t1	measurement	YY1	0.4645788252477571
t4_t3	measurement	SMAD3	-0.46313819787648486
t3_t2	measurement	CLOCK	-0.456555653823614
t3_t2	measurement	ATF4	0.45560172116342956
t1_t0.5	measurement	IRF9	-0.45208939261387165
t0.5_t0	measurement	GATA1	0.4483804922096627
t0.5_t0	measurement	XBP1	-0.44824630701290186
t3_t2	measurement	CUX1	-0.44709104393242494
t2_t1	measurement	IRF8	0.44264961279886356
t0.5_t0	measurement	CUX1	0.440870544639355
t3_t2	measurement	ESRRA	0.4383766554600349
t3_t2	measurement	IRF4	-0.4371529082510417
t4_t3	measurement	PKNOX1	-0.43696203122423555
t2_t1	measurement	NR2C2	0.4364434164522949
t1_t0.5	measurement	RBPJ	-0.43427437925994633
t8_t4	measurement	SOX6	0.4324601195366649
t2_t1	measurement	CEBPB	0.42990291736436836
t0.5_t0	measurement	POU5F1	-0.4281910988642398
t3_t2	measurement	OTX2	-0.42556589478418366
t1_t0.5	measurement	PBX3	-0.4237762295217452
t2_t1	measurement	SMAD5	0.42095179488238765
t8_t4	measurement	ZNF274	-0.4188745135108855
t1_t0.5	measurement	FOS	0.41557433936195526
t3_t2	measurement	JUND	0.4149829879358556
t1_t0.5	measurement	ONECUT1	-0.41383628747668233
t4_t3	measurement	MAF	-0.4110677693019421
t2_t1	measurement	SPIB	-0.4084521086263777
t0.5_t0	measurement	FOXA1	-0.40805800018465904
t4_t3	measurement	EBF1	-0.4044089761144496
t3_t2	measurement	TCF7	0.4031125487917746
t4_t3	measurement	HHEX	-0.4015025946965818
t2_t1	measurement	HHEX	0.396390257969194
t0.5_t0	measurement	AR	0.3963508140017694
t1_t0.5	measurement	PKNOX1	-0.3963127107630444
t3_t2	measurement	REST	-0.39501957279487254
t2_t1	measurement	SMAD1	-0.3946399587675168
t4_t3	measurement	FOXM1	-0.3944598168581676
t8_t4	measurement	NFE2L2	0.39186828479929253
t3_t2	measurement	IRF1	-0.38560095323850196
t8_t4	measurement	ONECUT1	0.38535997979061315
t4_t3	measurement	SRF	0.38382092246000765
t3_t2	measurement	FLI1	0.3807539281145051
t4_t3	measurement	ZNF274	0.3794482862661416
t3_t2	measurement	ZNF274	0.3792655972086946
t2_t1	measurement	HBP1	-0.37758708209824154
t8_t4	measurement	ATF3	-0.37613991615191944
t3_t2	measurement	MAZ	0.37603702779133813
t0.5_t0	measurement	PAX5	0.3725741966632167
t4_t3	measurement	USF2	0.3712860478010781
t4_t3	measurement	TEAD2	0.37089656254882286
t2_t1	measurement	HIF1A	-0.37064364440745134
t0.5_t0	measurement	HOXB7	0.36993642756586226
t0.5_t0	measurement	RXRA	-0.369420088627748
t3_t2	measurement	NFE2L2	-0.3693347540783218
t4_t3	measurement	POU4F2	-0.36842728157364296
t1_t0.5	measurement	GATA1	0.36740780903276354
t0.5_t0	measurement	TCF3	0.3657832290317763
t4_t3	measurement	MYBL2	0.36374682332857805
t1_t0.5	measurement	SREBF2	-0.360706167673702
t3_t2	measurement	RFX5	-0.360182455212176
t0.5_t0	measurement	NRF1	0.35607568662297745
t2_t1	measurement	ATF6	0.3558026639902815
t1_t0.5	measurement	ZEB1	0.3510974690799218
t3_t2	measurement	MNT	0.34876390689133246
t2_t1	measurement	NCOA1	-0.3475745225388152
t8_t4	measurement	RARG	0.34344039632564405
t8_t4	measurement	MEIS1	-0.3404412070577285
t8_t4	measurement	USF2	-0.33663733339205765
t1_t0.5	measurement	NR3C1	-0.33360536946899305
t2_t1	measurement	ONECUT1	-0.3328190477034653
t1_t0.5	measurement	XBP1	-0.33252190705150386
t3_t2	measurement	IRF2	-0.3306123965954486
t2_t1	measurement	ETV4	-0.3258973577505022
t2_t1	measurement	HINFP	-0.32167307210794677
t8_t4	measurement	ETV6	0.3215361638081788
t2_t1	measurement	HNF1B	-0.3214855534122089
t1_t0.5	measurement	NFE2L1	0.3210801028249529
t0.5_t0	measurement	RARG	0.3210747001769519
t4_t3	measurement	RFX5	0.3202095815639431
t2_t1	measurement	TP53	0.3198307333440972
t4_t3	measurement	RARB	0.3189108413506771
t3_t2	measurement	TCF4	-0.3149750504415872
t2_t1	measurement	TBP	-0.31403916205239035
t2_t1	measurement	FOXA1	0.31389680096327255
t4_t3	measurement	NR5A2	-0.31173899698345636
t3_t2	measurement	TP73	-0.3105369948976318
t8_t4	measurement	RBPJ	-0.3030373961061001
t1_t0.5	measurement	E2F2	-0.3014801293833139
t2_t1	measurement	NR2F2	0.2995789320173423
t3_t2	measurement	FOXM1	0.29529385391071294
t3_t2	measurement	RUNX3	-0.29512561021818806
t8_t4	measurement	TBX21	-0.2914828261876558
t2_t1	measurement	CREM	0.29104995927839683
t3_t2	measurement	E2F7	-0.28958086678702083
t4_t3	measurement	ATF3	-0.27946004628476473
t8_t4	measurement	NFE2L1	-0.2793259063806723
t0.5_t0	measurement	E2F3	-0.2785600871925959
t2_t1	measurement	MEIS1	-0.27660346992009993
t1_t0.5	measurement	OTX2	0.2740754077302987
t1_t0.5	measurement	REST	0.27073301123827276
t0.5_t0	measurement	NFE2L1	-0.2698102528610766
t8_t4	measurement	SPIB	-0.26750244517091576
t3_t2	measurement	PPARG	-0.26628358773199784
t4_t3	measurement	POU2F2	-0.2649117981685252
t3_t2	measurement	E2F1	-0.26106205870909777
t4_t3	measurement	MAZ	-0.25858086110255857
t1_t0.5	measurement	MEIS1	-0.25815867313399044
t1_t0.5	measurement	TBX21	-0.25639084957965114
t1_t0.5	measurement	HSF1	-0.25046872627893446
t4_t3	measurement	NFE2L2	0.2501675172040609
t1_t0.5	measurement	SP1	0.2500495921201421
t4_t3	measurement	BHLHE40	-0.24879633217841945
t0.5_t0	measurement	ESR2	0.24659287568993457
t3_t2	measurement	TCF7L2	-0.24653485919690976
t2_t1	measurement	GATA1	0.24512728185609894
t1_t0.5	measurement	MEIS2	-0.24310707611374321
t4_t3	measurement	CEBPB	0.24256214348135968
t4_t3	measurement	HINFP	0.24241124164451822
t3_t2	measurement	LYL1	-0.24166858043767311
t3_t2	measurement	EPAS1	0.240049191515206
t1_t0.5	measurement	NR2F2	0.23447128184656288
t4_t3	measurement	NFE2L1	0.22950119658434234
t0.5_t0	measurement	OTX2	0.22623957918604434
t1_t0.5	measurement	RUNX1	0.2211608220281017
t3_t2	measurement	MBD1	0.2174521756119352
t4_t3	measurement	NR2F2	-0.2161012822919055
t2_t1	measurement	RXRA	-0.2138847027807707
t3_t2	measurement	FOXO1	0.21385963944512493
t1_t0.5	measurement	TEAD1	-0.21244232827460807
t4_t3	measurement	ELK4	0.20896301600900766
t3_t2	measurement	RUNX1	-0.20454233225841914
t3_t2	measurement	ETV4	0.2006921784311206
t8_t4	measurement	ARNTL	-0.199922173064143
t0.5_t0	measurement	MEIS1	0.1998903737718257
t8_t4	measurement	ATF6	-0.19905208398385169
t4_t3	measurement	IRF9	-0.19610612045859097
t4_t3	measurement	MEF2B	-0.19501158316240738
t4_t3	measurement	SOX9	0.19474417620303647
t2_t1	measurement	NCOA2	-0.19316359801579
t4_t3	measurement	MAFK	-0.1920127882125561
t0.5_t0	measurement	NR2F2	0.18941928782294967
t1_t0.5	measurement	HBP1	-0.18863151397699343
t3_t2	measurement	E2F5	0.18684914911574896
t3_t2	measurement	NFKB2	0.18396525901157587
t2_t1	measurement	STAT6	0.18335285122103148
t1_t0.5	measurement	KLF6	0.18096020871837645
t8_t4	measurement	GATA4	-0.1788851030728204
t8_t4	measurement	GFI1B	-0.17826202343970451
t4_t3	measurement	IRF1	0.1726121731022418
t3_t2	measurement	ARID3A	-0.17105385821314495
t0.5_t0	measurement	GATA4	-0.16687223051721523
t8_t4	measurement	YY1	0.16004055695090538
t3_t2	measurement	FOXO4	0.15737424869884092
t4_t3	measurement	EPAS1	-0.15607011036028248
t4_t3	measurement	KLF4	-0.1550920504643426
t3_t2	measurement	ZBTB33	0.15448662148903267
t0.5_t0	measurement	HSF1	-0.1525564894748279
t1_t0.5	measurement	SPIB	-0.15085631890317447
t2_t1	measurement	XBP1	0.1495069419849993
t0.5_t0	measurement	HHEX	-0.1462570873871176
t2_t1	measurement	IRF1	0.14444107402427178
t4_t3	measurement	NR2F6	-0.1441827719523725
t0.5_t0	measurement	HINFP	-0.13973114503462747
t1_t0.5	measurement	MYB	-0.1317464236874404
t3_t2	measurement	PPARA	-0.1265329814185071
t4_t3	measurement	PPARA	-0.12541592471108048
t0.5_t0	measurement	NR3C1	0.12514474063946177
t2_t1	measurement	PPARG	-0.12360920648759686
t8_t4	measurement	E2F1	-0.12165379707723414
t4_t3	measurement	ESR1	-0.12141754932524165
t3_t2	measurement	STAT6	-0.1210156455586138
t4_t3	measurement	TP53	0.1193193188527715
t4_t3	measurement	MEF2C	-0.11799244878449489
t3_t2	measurement	NRF1	-0.116906694572776
t1_t0.5	measurement	AHR	-0.11176178034596099
t2_t1	measurement	CDX2	0.10942287935349018
t8_t4	measurement	YBX1	0.10450228968781551
t3_t2	measurement	AR	-0.10392518236758666
t2_t1	measurement	IRF3	-0.10102701592268326
t0.5_t0	measurement	GABPA	-0.09903800395056922
t1_t0.5	measurement	FOXA2	-0.09877898945308625
t8_t4	measurement	ELF3	0.09767459942390046
t0.5_t0	measurement	E2F1	0.09723916646276883
t8_t4	measurement	PAX5	0.09524191628229672
t4_t3	measurement	WT1	-0.0947893522402028
t3_t2	measurement	SP4	-0.09165330105364496
t1_t0.5	measurement	GABPA	-0.08832707051374235
t0.5_t0	measurement	HNF1B	-0.0871620489871976
t8_t4	measurement	MBD1	0.0856602864625954
t0.5_t0	measurement	RUNX3	0.08367867739119338
t2_t1	measurement	FOXK2	0.08343479537472186
t8_t4	measurement	KMT2A	0.08208036846361479
t2_t1	measurement	TWIST1	0.07932526002639598
t3_t2	measurement	RXRA	-0.07485181574998448
t1_t0.5	measurement	STAT6	0.07206125560572006
t2_t1	measurement	ARNT	0.07126237312926069
t0.5_t0	measurement	PPARG	0.06668499217431269
t2_t1	measurement	ZEB2	0.06580398428789976
t8_t4	measurement	FOXL2	-0.0652754841641694
t1_t0.5	measurement	NFATC1	0.0636955736328044
t1_t0.5	measurement	CLOCK	-0.0635962794351948
t8_t4	measurement	MYOD1	0.06181410056677277
t1_t0.5	measurement	BACH1	0.05547581160185306
t3_t2	measurement	ZEB1	-0.05381415368527712
t4_t3	measurement	ATF4	-0.051385192359802406
t3_t2	measurement	FOXL2	-0.05124289733599839
t2_t1	measurement	TCF7L1	-0.048356671700674245
t2_t1	measurement	TFAP2A	-0.04336743739621005
t4_t3	measurement	RUNX3	0.04074111650556057
t8_t4	measurement	FOXK2	0.037633057431076304
t2_t1	measurement	RARA	0.032117680429441325
t0.5_t0	measurement	MAFK	0.031618017553788076
t4_t3	measurement	NFYA	-0.030495328593260245
t3_t2	measurement	TFAP2A	0.02863619253108213
t3_t2	measurement	RUNX2	-0.026957661669152106
t8_t4	measurement	ETS2	0.01601838531741921
t1_t0.5	measurement	TFDP1	-0.01408887306036249
t0.5_t0	measurement	HOXA9	-0.013517111402126053
t4_t3	measurement	GATA4	-0.01268318562492573
t4_t3	measurement	ESR2	0.011266200161917045
t4_t3	measurement	STAT6	-0.009003306052795097
t8_t4	measurement	RUNX3	-0.007493928385084989
t4_t3	measurement	NCOA1	0.0023727073349137555
t4_t3	measurement	IRF8	-8.850425023926548e-4
t3_t2	measurement	TP63	-7.054249299732502e-4
