statistic	source	condition	score	p_value
norm_wmean	AHR	t0.5_t0	5.864653769554037	0.02
norm_wmean	AHR	t1_t0.5	-0.11176178034596099	0.54
norm_wmean	AHR	t2_t1	1.9421488085614664	0.44
norm_wmean	AHR	t3_t2	-2.458497011715995	0.02
norm_wmean	AHR	t4_t3	-0.772374400294898	0.9
norm_wmean	AHR	t8_t4	-2.0389997571038045	0.2
norm_wmean	AR	t0.5_t0	0.3963508140017694	0.5
norm_wmean	AR	t1_t0.5	-1.1278062476233657	0.34
norm_wmean	AR	t2_t1	3.5998600049431437	0.68
norm_wmean	AR	t3_t2	-0.10392518236758666	0.43999999999999995
norm_wmean	AR	t4_t3	-2.752609722652453	0.02
norm_wmean	AR	t8_t4	-1.6016667607542738	0.21999999999999997
norm_wmean	ARID3A	t0.5_t0	4.118432191028784	0.02
norm_wmean	ARID3A	t1_t0.5	-5.238932257379536	0.02
norm_wmean	ARID3A	t2_t1	2.135520312109295	0.22
norm_wmean	ARID3A	t3_t2	-0.17105385821314495	0.72
norm_wmean	ARID3A	t4_t3	-2.6469182466322803	0.02
norm_wmean	ARID3A	t8_t4	-2.259263099997875	0.14
norm_wmean	ARNT	t0.5_t0	1.3862011116743218	0.06000000000000005
norm_wmean	ARNT	t1_t0.5	-1.7200818959309057	0.14
norm_wmean	ARNT	t2_t1	0.07126237312926069	0.8400000000000001
norm_wmean	ARNT	t3_t2	-0.9666863178796756	0.64
norm_wmean	ARNT	t4_t3	-1.9573773205056941	0.06
norm_wmean	ARNT	t8_t4	1.5343475296707525	0.14
norm_wmean	ARNTL	t0.5_t0	2.8325609187344973	0.18
norm_wmean	ARNTL	t1_t0.5	-1.3124597654881565	0.38
norm_wmean	ARNTL	t2_t1	-2.466555766564027	0.08
norm_wmean	ARNTL	t3_t2	-0.9920606249076893	0.42
norm_wmean	ARNTL	t4_t3	-1.668220677167725	0.22
norm_wmean	ARNTL	t8_t4	-0.199922173064143	0.3600000000000001
norm_wmean	ASCL1	t0.5_t0	0.5422741641309304	0.17999999999999994
norm_wmean	ASCL1	t1_t0.5	0.90869466375208785	0.96
norm_wmean	ASCL1	t2_t1	3.560050238369562	0.08
norm_wmean	ASCL1	t3_t2	0.6034828791719401	0.8200000000000001
norm_wmean	ASCL1	t4_t3	1.5992737574577365	0.26
norm_wmean	ASCL1	t8_t4	-4.188799142975094	0.02
norm_wmean	ATF1	t0.5_t0	2.5769105110611976	0.98
norm_wmean	ATF1	t1_t0.5	-0.516457822163915	0.84
norm_wmean	ATF1	t2_t1	-0.4978660388616869	0.62
norm_wmean	ATF1	t3_t2	-5.405909875114915	0.02
norm_wmean	ATF1	t4_t3	-3.286968426878422	0.02
norm_wmean	ATF1	t8_t4	1.5282168057957484	0.08
norm_wmean	ATF2	t0.5_t0	4.501704216274469	0.04
norm_wmean	ATF2	t1_t0.5	-0.8139238425410107	0.32
norm_wmean	ATF2	t2_t1	-0.7686473234056774	0.42
norm_wmean	ATF2	t3_t2	-2.2616205856333442	0.04
norm_wmean	ATF2	t4_t3	-0.6205447166141863	0.98
norm_wmean	ATF2	t8_t4	-0.8639821958820673	0.6799999999999999
norm_wmean	ATF3	t0.5_t0	6.467011008755419	0.02
norm_wmean	ATF3	t1_t0.5	-1.296152490104217	0.2
norm_wmean	ATF3	t2_t1	-1.6605341275458592	0.08
norm_wmean	ATF3	t3_t2	-2.2215880541281283	0.06
norm_wmean	ATF3	t4_t3	-0.27946004628476473	0.74
norm_wmean	ATF3	t8_t4	-0.37613991615191944	0.040000000000000036
norm_wmean	ATF4	t0.5_t0	7.318315220556671	0.02
norm_wmean	ATF4	t1_t0.5	-5.210726065657002	0.02
norm_wmean	ATF4	t2_t1	-1.3082957928780856	0.22
norm_wmean	ATF4	t3_t2	0.45560172116342956	0.3600000000000001
norm_wmean	ATF4	t4_t3	-0.051385192359802406	0.5800000000000001
norm_wmean	ATF4	t8_t4	0.7423532019810511	0.6
norm_wmean	ATF6	t0.5_t0	4.140328484015244	0.02
norm_wmean	ATF6	t1_t0.5	-0.7581751894390848	0.56
norm_wmean	ATF6	t2_t1	0.3558026639902815	0.3999999999999999
norm_wmean	ATF6	t3_t2	1.336884393427611	0.52
norm_wmean	ATF6	t4_t3	0.6170286833506425	0.8999999999999999
norm_wmean	ATF6	t8_t4	-0.19905208398385169	0.21999999999999997
norm_wmean	ATF7	t0.5_t0	-2.3202864665199834	0.02
norm_wmean	ATF7	t1_t0.5	-3.2798370912829427	0.02
norm_wmean	ATF7	t2_t1	-1.2845553355159653	0.24
norm_wmean	ATF7	t3_t2	-1.2760861960180092	0.4
norm_wmean	ATF7	t4_t3	3.066811592010064	0.02
norm_wmean	ATF7	t8_t4	2.783623183212517	0.02
norm_wmean	BACH1	t0.5_t0	1.9097709040538893	0.56
norm_wmean	BACH1	t1_t0.5	0.05547581160185306	0.3600000000000001
norm_wmean	BACH1	t2_t1	2.8659118528647904	0.8200000000000001
norm_wmean	BACH1	t3_t2	-0.9607198776971422	0.56
norm_wmean	BACH1	t4_t3	-2.590738692686584	0.06
norm_wmean	BACH1	t8_t4	-4.013271300770089	0.04
norm_wmean	BCL6	t0.5_t0	1.626941231918023	0.92
norm_wmean	BCL6	t1_t0.5	0.46540645093980354	0.72
norm_wmean	BCL6	t2_t1	-1.7032864957448475	0.12
norm_wmean	BCL6	t3_t2	-1.501985744943301	0.28
norm_wmean	BCL6	t4_t3	0.8545510526855876	0.84
norm_wmean	BCL6	t8_t4	0.9400857122706643	0.4
norm_wmean	BHLHE40	t0.5_t0	9.183785134059514	0.02
norm_wmean	BHLHE40	t1_t0.5	-1.6011199835393928	0.1
norm_wmean	BHLHE40	t2_t1	-5.433450926078792	0.02
norm_wmean	BHLHE40	t3_t2	0.5462511147113212	0.8799999999999999
norm_wmean	BHLHE40	t4_t3	-0.24879633217841945	0.6799999999999999
norm_wmean	BHLHE40	t8_t4	-4.222081883527599	0.02
norm_wmean	CDX2	t0.5_t0	0.7131938876585497	0.15999999999999992
norm_wmean	CDX2	t1_t0.5	0.49808323985086167	0.3999999999999999
norm_wmean	CDX2	t2_t1	0.10942287935349018	0.78
norm_wmean	CDX2	t3_t2	-3.144366058988393	0.02
norm_wmean	CDX2	t4_t3	-1.13441552798107	0.26
norm_wmean	CDX2	t8_t4	-0.6193142200793729	0.32000000000000006
norm_wmean	CEBPA	t0.5_t0	1.9709742279773208	0.06000000000000005
norm_wmean	CEBPA	t1_t0.5	-1.3448587437492399	0.16
norm_wmean	CEBPA	t2_t1	3.129407130073124	0.020000000000000018
norm_wmean	CEBPA	t3_t2	-2.631991888937208	0.02
norm_wmean	CEBPA	t4_t3	-2.1043965476039155	0.06
norm_wmean	CEBPA	t8_t4	-4.246312411040561	0.72
norm_wmean	CEBPB	t0.5_t0	6.590530065077952	0.02
norm_wmean	CEBPB	t1_t0.5	-0.6856090079515704	0.66
norm_wmean	CEBPB	t2_t1	0.42990291736436836	0.41999999999999993
norm_wmean	CEBPB	t3_t2	-0.7630522964157691	0.58
norm_wmean	CEBPB	t4_t3	0.24256214348135968	0.020000000000000018
norm_wmean	CEBPB	t8_t4	-3.429682466407588	0.04
norm_wmean	CLOCK	t0.5_t0	3.288741874863975	0.36
norm_wmean	CLOCK	t1_t0.5	-0.0635962794351948	0.5
norm_wmean	CLOCK	t2_t1	-0.6017479659289602	0.46
norm_wmean	CLOCK	t3_t2	-0.456555653823614	0.76
norm_wmean	CLOCK	t4_t3	-0.639103933415557	0.98
norm_wmean	CLOCK	t8_t4	-2.173758361193042	0.26
norm_wmean	CREB1	t0.5_t0	11.689582875061879	0.02
norm_wmean	CREB1	t1_t0.5	-1.4636869182301793	0.18
norm_wmean	CREB1	t2_t1	-1.3816474486432653	0.1
norm_wmean	CREB1	t3_t2	-5.229559477045126	0.02
norm_wmean	CREB1	t4_t3	-2.979784212922306	0.02
norm_wmean	CREB1	t8_t4	-1.6638818163961469	0.84
norm_wmean	CREM	t0.5_t0	1.6146291308642027	0.64
norm_wmean	CREM	t1_t0.5	2.5131327699214476	0.02
norm_wmean	CREM	t2_t1	0.29104995927839683	0.72
norm_wmean	CREM	t3_t2	-0.7773416852201115	0.88
norm_wmean	CREM	t4_t3	-2.7537454842756555	0.02
norm_wmean	CREM	t8_t4	-0.6792304720042386	0.3999999999999999
norm_wmean	CTCF	t0.5_t0	1.869656315751216	0.06000000000000005
norm_wmean	CTCF	t1_t0.5	-0.6414625809890487	0.52
norm_wmean	CTCF	t2_t1	7.930151450255664	0.32
norm_wmean	CTCF	t3_t2	-0.7951187287151267	0.44
norm_wmean	CTCF	t4_t3	0.9871977485622044	0.3999999999999999
norm_wmean	CTCF	t8_t4	-5.626302154179381	0.06
norm_wmean	CUX1	t0.5_t0	0.440870544639355	0.10000000000000009
norm_wmean	CUX1	t1_t0.5	0.7421372633345964	0.9
norm_wmean	CUX1	t2_t1	3.4739528572561604	0.04
norm_wmean	CUX1	t3_t2	-0.44709104393242494	0.72
norm_wmean	CUX1	t4_t3	-1.512019647903811	0.26
norm_wmean	CUX1	t8_t4	-1.9539333613541021	0.44
norm_wmean	E2F1	t0.5_t0	0.09723916646276883	0.98
norm_wmean	E2F1	t1_t0.5	-1.758761677948604	0.14
norm_wmean	E2F1	t2_t1	-0.562334981148407	0.58
norm_wmean	E2F1	t3_t2	-0.26106205870909777	0.84
norm_wmean	E2F1	t4_t3	-1.0172079154171305	0.36
norm_wmean	E2F1	t8_t4	-0.12165379707723414	0.8999999999999999
norm_wmean	E2F2	t0.5_t0	-2.626904357813547	0.02
norm_wmean	E2F2	t1_t0.5	-0.3014801293833139	0.76
norm_wmean	E2F2	t2_t1	-1.2270263188630661	0.24
norm_wmean	E2F2	t3_t2	1.2025692386255513	0.56
norm_wmean	E2F2	t4_t3	1.3756686428494913	0.26
norm_wmean	E2F2	t8_t4	2.5565608994896434	0.02
norm_wmean	E2F3	t0.5_t0	-0.2785600871925959	0.9
norm_wmean	E2F3	t1_t0.5	-0.484596488304543	0.98
norm_wmean	E2F3	t2_t1	-2.0079992562529085	0.06
norm_wmean	E2F3	t3_t2	0.8398295969122508	0.96
norm_wmean	E2F3	t4_t3	1.4320375462240482	0.2
norm_wmean	E2F3	t8_t4	0.5785054460614133	0.62
norm_wmean	E2F4	t0.5_t0	-0.7542871582879502	0.5
norm_wmean	E2F4	t1_t0.5	-1.9690070297104163	0.04
norm_wmean	E2F4	t2_t1	-3.44167937310827	0.02
norm_wmean	E2F4	t3_t2	1.1916006712854912	0.8999999999999999
norm_wmean	E2F4	t4_t3	-1.4373735314960066	0.16
norm_wmean	E2F4	t8_t4	5.04508699464396	0.02
norm_wmean	E2F5	t0.5_t0	4.2060794574393645	0.02
norm_wmean	E2F5	t1_t0.5	1.310821585743306	0.5
norm_wmean	E2F5	t2_t1	-0.5275136677838016	0.56
norm_wmean	E2F5	t3_t2	0.18684914911574896	0.19999999999999996
norm_wmean	E2F5	t4_t3	-1.0609265363674902	0.52
norm_wmean	E2F5	t8_t4	-0.7625379871363627	0.76
norm_wmean	E2F6	t0.5_t0	3.469189434417247	0.02
norm_wmean	E2F6	t1_t0.5	-1.038200616478289	0.56
norm_wmean	E2F6	t2_t1	3.5692552719446713	0.02
norm_wmean	E2F6	t3_t2	1.038531932248195	0.62
norm_wmean	E2F6	t4_t3	-0.9200983804069042	0.68
norm_wmean	E2F6	t8_t4	-5.624855837278927	0.02
norm_wmean	E2F7	t0.5_t0	1.2078995158180799	0.72
norm_wmean	E2F7	t1_t0.5	-2.28596922752202	0.06
norm_wmean	E2F7	t2_t1	0.5460486205671631	0.040000000000000036
norm_wmean	E2F7	t3_t2	-0.28958086678702083	0.8400000000000001
norm_wmean	E2F7	t4_t3	0.5763772972680824	0.8200000000000001
norm_wmean	E2F7	t8_t4	1.0488884586152176	0.4
norm_wmean	EBF1	t0.5_t0	0.6256842558144693	0.41999999999999993
norm_wmean	EBF1	t1_t0.5	-1.1777686801042955	0.3
norm_wmean	EBF1	t2_t1	2.12067594560403	0.7
norm_wmean	EBF1	t3_t2	-0.7068346152251542	0.96
norm_wmean	EBF1	t4_t3	-0.4044089761144496	0.74
norm_wmean	EBF1	t8_t4	-2.870384934818503	0.38
norm_wmean	EGR1	t0.5_t0	12.28290297695781	0.02
norm_wmean	EGR1	t1_t0.5	0.9702938056738782	0.17999999999999994
norm_wmean	EGR1	t2_t1	6.858132877416937	0.5
norm_wmean	EGR1	t3_t2	0.4905040770136904	0.3400000000000001
norm_wmean	EGR1	t4_t3	-3.1570714457950055	0.02
norm_wmean	EGR1	t8_t4	-14.493583254532021	0.02
norm_wmean	ELF1	t0.5_t0	3.436611852246783	0.22
norm_wmean	ELF1	t1_t0.5	-0.7997566989991369	0.56
norm_wmean	ELF1	t2_t1	-1.503229352900901	0.14
norm_wmean	ELF1	t3_t2	-3.0758878026970256	0.02
norm_wmean	ELF1	t4_t3	-1.947177558597972	0.12
norm_wmean	ELF1	t8_t4	0.5681810951227841	0.78
norm_wmean	ELF3	t0.5_t0	1.7106842080793716	0.8
norm_wmean	ELF3	t1_t0.5	0.929408177802394	0.94
norm_wmean	ELF3	t2_t1	1.4945821857802308	1
norm_wmean	ELF3	t3_t2	-3.2199638669541057	0.02
norm_wmean	ELF3	t4_t3	-1.309592862329019	0.24
norm_wmean	ELF3	t8_t4	0.09767459942390046	0.76
norm_wmean	ELK1	t0.5_t0	13.843081862746526	0.02
norm_wmean	ELK1	t1_t0.5	-7.620866295194691	0.02
norm_wmean	ELK1	t2_t1	-3.968587470210513	0.02
norm_wmean	ELK1	t3_t2	-2.419782667004956	0.06
norm_wmean	ELK1	t4_t3	-2.4548399728048915	0.02
norm_wmean	ELK1	t8_t4	-3.0309692146561615	0.2
norm_wmean	ELK4	t0.5_t0	6.960538992842336	0.02
norm_wmean	ELK4	t1_t0.5	-5.010198460112272	0.02
norm_wmean	ELK4	t2_t1	0.4794815728792627	0.020000000000000018
norm_wmean	ELK4	t3_t2	-3.11616616885533	0.02
norm_wmean	ELK4	t4_t3	0.20896301600900766	0.1200000000000001
norm_wmean	ELK4	t8_t4	-0.8901376655090881	0.88
norm_wmean	EPAS1	t0.5_t0	5.091014129673166	0.02
norm_wmean	EPAS1	t1_t0.5	0.5626599564914893	0.5800000000000001
norm_wmean	EPAS1	t2_t1	2.1379909062546827	0.8400000000000001
norm_wmean	EPAS1	t3_t2	0.240049191515206	0.26
norm_wmean	EPAS1	t4_t3	-0.15607011036028248	0.6000000000000001
norm_wmean	EPAS1	t8_t4	-4.781726324698849	0.02
norm_wmean	ERG	t0.5_t0	0.7726367437345	0.15999999999999992
norm_wmean	ERG	t1_t0.5	0.8407319737396013	0.96
norm_wmean	ERG	t2_t1	3.378482530377461	0.1
norm_wmean	ERG	t3_t2	0.8608503350044824	0.82
norm_wmean	ERG	t4_t3	-0.9988885060782032	0.54
norm_wmean	ERG	t8_t4	-4.1679332463246705	0.02
norm_wmean	ESR1	t0.5_t0	6.397473734387321	0.9199999999999999
norm_wmean	ESR1	t1_t0.5	-1.9745755745894848	0.06
norm_wmean	ESR1	t2_t1	3.7923602784996406	0.21999999999999997
norm_wmean	ESR1	t3_t2	-2.8478362077094204	0.02
norm_wmean	ESR1	t4_t3	-0.12141754932524165	0.74
norm_wmean	ESR1	t8_t4	-4.880541247136696	0.1
norm_wmean	ESR2	t0.5_t0	0.24659287568993457	0.5
norm_wmean	ESR2	t1_t0.5	-1.6807859587971175	0.16
norm_wmean	ESR2	t2_t1	3.4133051579921374	0.08
norm_wmean	ESR2	t3_t2	-0.7071947372967313	0.74
norm_wmean	ESR2	t4_t3	0.011266200161917045	0.24
norm_wmean	ESR2	t8_t4	-0.7090729297698084	0.21999999999999997
norm_wmean	ESRRA	t0.5_t0	0.5482595066851673	0.28
norm_wmean	ESRRA	t1_t0.5	0.5497599650838528	0.32000000000000006
norm_wmean	ESRRA	t2_t1	1.3196744709575163	0.6000000000000001
norm_wmean	ESRRA	t3_t2	0.4383766554600349	0.88
norm_wmean	ESRRA	t4_t3	0.9926220944116989	0.88
norm_wmean	ESRRA	t8_t4	-1.6618552014679588	0.36
norm_wmean	ETS1	t0.5_t0	15.772276864679506	0.02
norm_wmean	ETS1	t1_t0.5	-2.924770854232777	0.02
norm_wmean	ETS1	t2_t1	0.9375244591069127	0.28
norm_wmean	ETS1	t3_t2	-2.6188993491346864	0.02
norm_wmean	ETS1	t4_t3	-1.7638316099128117	0.08
norm_wmean	ETS1	t8_t4	-6.231879395397039	0.08
norm_wmean	ETS2	t0.5_t0	8.295184257403532	0.02
norm_wmean	ETS2	t1_t0.5	-3.4459370818458828	0.02
norm_wmean	ETS2	t2_t1	-3.7396521736623276	0.02
norm_wmean	ETS2	t3_t2	-1.9442923442009818	0.08
norm_wmean	ETS2	t4_t3	-0.8942814143377176	0.56
norm_wmean	ETS2	t8_t4	0.01601838531741921	0.30000000000000004
norm_wmean	ETV1	t0.5_t0	3.192441395204986	0.06
norm_wmean	ETV1	t1_t0.5	-0.6983801689464022	0.54
norm_wmean	ETV1	t2_t1	-3.489028198345084	0.02
norm_wmean	ETV1	t3_t2	-2.7588800233138966	0.04
norm_wmean	ETV1	t4_t3	1.3560376354867159	0.44
norm_wmean	ETV1	t8_t4	0.8570767379972976	0.54
norm_wmean	ETV4	t0.5_t0	4.221584326851246	0.02
norm_wmean	ETV4	t1_t0.5	-0.5674099921698664	0.76
norm_wmean	ETV4	t2_t1	-0.3258973577505022	0.82
norm_wmean	ETV4	t3_t2	0.2006921784311206	0.3600000000000001
norm_wmean	ETV4	t4_t3	-1.7369962163083266	0.18
norm_wmean	ETV4	t8_t4	-2.3742025808711	0.16
norm_wmean	ETV6	t0.5_t0	0.8024377337338342	0.54
norm_wmean	ETV6	t1_t0.5	1.011128065899861	0.68
norm_wmean	ETV6	t2_t1	1.7077712646750258	0.5
norm_wmean	ETV6	t3_t2	-3.7465658826276753	0.02
norm_wmean	ETV6	t4_t3	-1.5992887076554676	0.2
norm_wmean	ETV6	t8_t4	0.3215361638081788	0.8600000000000001
norm_wmean	FLI1	t0.5_t0	2.4004230676147102	0.6399999999999999
norm_wmean	FLI1	t1_t0.5	-2.0082487887724825	0.08
norm_wmean	FLI1	t2_t1	5.431323075472502	0.02
norm_wmean	FLI1	t3_t2	0.3807539281145051	0.6799999999999999
norm_wmean	FLI1	t4_t3	-0.8059456635134095	0.74
norm_wmean	FLI1	t8_t4	-4.286397899801573	0.02
norm_wmean	FOS	t0.5_t0	6.501229935845432	0.21999999999999997
norm_wmean	FOS	t1_t0.5	0.41557433936195526	0.54
norm_wmean	FOS	t2_t1	2.7079187289393727	0.040000000000000036
norm_wmean	FOS	t3_t2	-1.6514383259149321	0.08
norm_wmean	FOS	t4_t3	-3.421300887113617	0.02
norm_wmean	FOS	t8_t4	-6.830584125405969	0.04
norm_wmean	FOSL1	t0.5_t0	3.916664360963208	0.02
norm_wmean	FOSL1	t1_t0.5	1.87996683132429	0.18
norm_wmean	FOSL1	t2_t1	0.48380437726998576	0.26
norm_wmean	FOSL1	t3_t2	-2.345609355310463	0.04
norm_wmean	FOSL1	t4_t3	-1.4340100989788565	0.28
norm_wmean	FOSL1	t8_t4	-2.1666683605834907	0.28
norm_wmean	FOSL2	t0.5_t0	11.126151441682996	0.02
norm_wmean	FOSL2	t1_t0.5	3.035320036752592	0.02
norm_wmean	FOSL2	t2_t1	-2.407999061827185	0.02
norm_wmean	FOSL2	t3_t2	-3.4286037658338206	0.02
norm_wmean	FOSL2	t4_t3	-1.1811318976912053	0.36
norm_wmean	FOSL2	t8_t4	-4.5116630139498914	0.02
norm_wmean	FOXA1	t0.5_t0	-0.40805800018465904	0.78
norm_wmean	FOXA1	t1_t0.5	-2.464943340030204	0.02
norm_wmean	FOXA1	t2_t1	0.31389680096327255	0.78
norm_wmean	FOXA1	t3_t2	-2.9992963159563364	0.02
norm_wmean	FOXA1	t4_t3	-3.7048312035016524	0.02
norm_wmean	FOXA1	t8_t4	-1.4876132895058225	0.1399999999999999
norm_wmean	FOXA2	t0.5_t0	1.3421789927745655	0.19999999999999996
norm_wmean	FOXA2	t1_t0.5	-0.09877898945308625	0.56
norm_wmean	FOXA2	t2_t1	1.443633611371213	0.8400000000000001
norm_wmean	FOXA2	t3_t2	0.8701681915405677	1
norm_wmean	FOXA2	t4_t3	-3.578281312333007	0.02
norm_wmean	FOXA2	t8_t4	-2.4429311346717677	0.42
norm_wmean	FOXK2	t0.5_t0	0.8802499842023059	0.28
norm_wmean	FOXK2	t1_t0.5	-2.333061992344268	0.06
norm_wmean	FOXK2	t2_t1	0.08343479537472186	0.9199999999999999
norm_wmean	FOXK2	t3_t2	-1.6254978904047073	0.28
norm_wmean	FOXK2	t4_t3	-2.5799883787292304	0.02
norm_wmean	FOXK2	t8_t4	0.037633057431076304	0.94
norm_wmean	FOXL2	t0.5_t0	5.0572721801311085	0.02
norm_wmean	FOXL2	t1_t0.5	-3.2688225195422738	0.02
norm_wmean	FOXL2	t2_t1	-2.81114228536206	0.02
norm_wmean	FOXL2	t3_t2	-0.05124289733599839	0.3400000000000001
norm_wmean	FOXL2	t4_t3	-0.7005957954915638	0.72
norm_wmean	FOXL2	t8_t4	-0.0652754841641694	0.41999999999999993
norm_wmean	FOXM1	t0.5_t0	1.369496502558703	0.3400000000000001
norm_wmean	FOXM1	t1_t0.5	-1.4265115878942731	0.2
norm_wmean	FOXM1	t2_t1	-0.849935435137876	0.44
norm_wmean	FOXM1	t3_t2	0.29529385391071294	0.1200000000000001
norm_wmean	FOXM1	t4_t3	-0.3944598168581676	0.94
norm_wmean	FOXM1	t8_t4	1.0281893151460262	0.34
norm_wmean	FOXO1	t0.5_t0	0.9361281776485286	0.15999999999999992
norm_wmean	FOXO1	t1_t0.5	0.7991083557071313	0.92
norm_wmean	FOXO1	t2_t1	0.4654137530212	0.41999999999999993
norm_wmean	FOXO1	t3_t2	0.21385963944512493	0.19999999999999996
norm_wmean	FOXO1	t4_t3	-2.2030535434490863	0.04
norm_wmean	FOXO1	t8_t4	0.6651761021663571	0.72
norm_wmean	FOXO3	t0.5_t0	4.002959175285787	0.02
norm_wmean	FOXO3	t1_t0.5	-7.578481437389677	0.02
norm_wmean	FOXO3	t2_t1	-6.007084187992481	0.02
norm_wmean	FOXO3	t3_t2	-3.4719759698500625	0.02
norm_wmean	FOXO3	t4_t3	-2.8746677737808746	0.02
norm_wmean	FOXO3	t8_t4	1.8450388911274747	0.06
norm_wmean	FOXO4	t0.5_t0	9.268106326451779	0.02
norm_wmean	FOXO4	t1_t0.5	-2.528435028196074	0.02
norm_wmean	FOXO4	t2_t1	-5.121905912811157	0.02
norm_wmean	FOXO4	t3_t2	0.15737424869884092	0.1200000000000001
norm_wmean	FOXO4	t4_t3	0.9752729433047534	0.66
norm_wmean	FOXO4	t8_t4	0.8074554009983392	0.64
norm_wmean	GABPA	t0.5_t0	-0.09903800395056922	1
norm_wmean	GABPA	t1_t0.5	-0.08832707051374235	0.6599999999999999
norm_wmean	GABPA	t2_t1	0.5481363922899315	0.3999999999999999
norm_wmean	GABPA	t3_t2	-2.1748181698250835	0.08
norm_wmean	GABPA	t4_t3	-1.345873220559758	0.18
norm_wmean	GABPA	t8_t4	1.1892648149395084	0.24
norm_wmean	GATA1	t0.5_t0	0.4483804922096627	0.41999999999999993
norm_wmean	GATA1	t1_t0.5	0.36740780903276354	0.3799999999999999
norm_wmean	GATA1	t2_t1	0.24512728185609894	0.76
norm_wmean	GATA1	t3_t2	-2.9253104865812736	0.02
norm_wmean	GATA1	t4_t3	-3.4421235069011837	0.02
norm_wmean	GATA1	t8_t4	1.7387283235863074	0.08
norm_wmean	GATA2	t0.5_t0	0.8221147509663548	0.3799999999999999
norm_wmean	GATA2	t1_t0.5	-2.2297406675354536	0.04
norm_wmean	GATA2	t2_t1	2.68150311677244	0.020000000000000018
norm_wmean	GATA2	t3_t2	-3.3456404005836204	0.02
norm_wmean	GATA2	t4_t3	-3.722179927270847	0.02
norm_wmean	GATA2	t8_t4	-1.4581053372555663	0.17999999999999994
norm_wmean	GATA3	t0.5_t0	1.5938735298203697	0.10000000000000009
norm_wmean	GATA3	t1_t0.5	-1.6599616345007926	0.12
norm_wmean	GATA3	t2_t1	1.9265755416370098	0.06000000000000005
norm_wmean	GATA3	t3_t2	-3.9882226153571474	0.02
norm_wmean	GATA3	t4_t3	-3.4968042635877112	0.02
norm_wmean	GATA3	t8_t4	-3.433779026577341	0.41999999999999993
norm_wmean	GATA4	t0.5_t0	-0.16687223051721523	0.9199999999999999
norm_wmean	GATA4	t1_t0.5	1.2138637053464607	0.28
norm_wmean	GATA4	t2_t1	-0.9255129502343911	0.48
norm_wmean	GATA4	t3_t2	-0.6482523089524193	0.82
norm_wmean	GATA4	t4_t3	-0.01268318562492573	0.26
norm_wmean	GATA4	t8_t4	-0.1788851030728204	0.08000000000000007
norm_wmean	GATA6	t0.5_t0	1.8344415443791562	0.56
norm_wmean	GATA6	t1_t0.5	-1.080826631238406	0.36
norm_wmean	GATA6	t2_t1	0.6329324699010609	0.26
norm_wmean	GATA6	t3_t2	-1.3555063974587858	0.2
norm_wmean	GATA6	t4_t3	-1.3601753019123815	0.24
norm_wmean	GATA6	t8_t4	-2.7853076677372015	0.1
norm_wmean	GFI1B	t0.5_t0	0.8445348143720472	0.6000000000000001
norm_wmean	GFI1B	t1_t0.5	0.7317867230535279	0.98
norm_wmean	GFI1B	t2_t1	2.1465393203481598	0.34
norm_wmean	GFI1B	t3_t2	-2.2335380251008354	0.08
norm_wmean	GFI1B	t4_t3	-0.7194128477289616	0.74
norm_wmean	GFI1B	t8_t4	-0.17826202343970451	0.52
norm_wmean	GLI1	t0.5_t0	-1.4588140263206184	0.24
norm_wmean	GLI1	t1_t0.5	1.3718247614712336	0.46
norm_wmean	GLI1	t2_t1	7.8399569083435185	0.02
norm_wmean	GLI1	t3_t2	1.0035137611608587	0.36
norm_wmean	GLI1	t4_t3	-2.2878924397144216	0.04
norm_wmean	GLI1	t8_t4	-0.8263693051263119	0.62
norm_wmean	GLI2	t0.5_t0	2.0340775722861437	0.12
norm_wmean	GLI2	t1_t0.5	1.228915933053205	0.32
norm_wmean	GLI2	t2_t1	2.6403604685448343	0.04
norm_wmean	GLI2	t3_t2	-0.9405997596575341	0.68
norm_wmean	GLI2	t4_t3	-1.3316923235876439	0.24
norm_wmean	GLI2	t8_t4	-2.3978332964563314	0.08
norm_wmean	HBP1	t0.5_t0	1.193720399527598	0.08000000000000007
norm_wmean	HBP1	t1_t0.5	-0.18863151397699343	0.32000000000000006
norm_wmean	HBP1	t2_t1	-0.37758708209824154	0.74
norm_wmean	HBP1	t3_t2	-5.381441986578944	0.02
norm_wmean	HBP1	t4_t3	-4.52753564625411	0.02
norm_wmean	HBP1	t8_t4	2.595564833713351	0.02
norm_wmean	HHEX	t0.5_t0	-0.1462570873871176	0.8
norm_wmean	HHEX	t1_t0.5	-0.8379444637847393	0.58
norm_wmean	HHEX	t2_t1	0.396390257969194	0.3999999999999999
norm_wmean	HHEX	t3_t2	-2.314640719421046	0.04
norm_wmean	HHEX	t4_t3	-0.4015025946965818	0.54
norm_wmean	HHEX	t8_t4	1.8972796861952719	0.04
norm_wmean	HIC1	t0.5_t0	-2.5444375584178753	0.02
norm_wmean	HIC1	t1_t0.5	-0.7635769991091294	0.98
norm_wmean	HIC1	t2_t1	0.5288144307837337	0.94
norm_wmean	HIC1	t3_t2	-0.9383222602406088	0.54
norm_wmean	HIC1	t4_t3	2.2921258162360614	0.06
norm_wmean	HIC1	t8_t4	2.465787705433842	0.06
norm_wmean	HIF1A	t0.5_t0	8.194391684942222	0.02
norm_wmean	HIF1A	t1_t0.5	-1.0300316417581608	0.34
norm_wmean	HIF1A	t2_t1	-0.37064364440745134	0.74
norm_wmean	HIF1A	t3_t2	-4.494117330724674	0.02
norm_wmean	HIF1A	t4_t3	-3.5979231781507246	0.02
norm_wmean	HIF1A	t8_t4	-1.847203472871644	0.17999999999999994
norm_wmean	HINFP	t0.5_t0	-0.13973114503462747	0.8
norm_wmean	HINFP	t1_t0.5	0.988465130245891	0.72
norm_wmean	HINFP	t2_t1	-0.32167307210794677	0.88
norm_wmean	HINFP	t3_t2	-0.6693344178290597	0.92
norm_wmean	HINFP	t4_t3	0.24241124164451822	0.040000000000000036
norm_wmean	HINFP	t8_t4	1.487841311336435	0.16
norm_wmean	HNF1B	t0.5_t0	-0.0871620489871976	0.8799999999999999
norm_wmean	HNF1B	t1_t0.5	1.0471284048410856	0.66
norm_wmean	HNF1B	t2_t1	-0.3214855534122089	0.94
norm_wmean	HNF1B	t3_t2	-1.4125220425555736	0.22
norm_wmean	HNF1B	t4_t3	-1.0949358809735936	0.38
norm_wmean	HNF1B	t8_t4	-1.7881563603729222	0.34
norm_wmean	HNF4A	t0.5_t0	6.07342347364202	0.17999999999999994
norm_wmean	HNF4A	t1_t0.5	-1.4003926209671194	0.14
norm_wmean	HNF4A	t2_t1	5.708701807955159	0.45999999999999996
norm_wmean	HNF4A	t3_t2	-2.916942711359582	0.02
norm_wmean	HNF4A	t4_t3	0.9899840648525782	0.54
norm_wmean	HNF4A	t8_t4	-6.5918521048620224	0.02
norm_wmean	HOXA9	t0.5_t0	-0.013517111402126053	0.8799999999999999
norm_wmean	HOXA9	t1_t0.5	-1.270030766162369	0.22
norm_wmean	HOXA9	t2_t1	0.5747551707894691	0.24
norm_wmean	HOXA9	t3_t2	-2.1166903986691183	0.02
norm_wmean	HOXA9	t4_t3	-1.1983439692103535	0.5
norm_wmean	HOXA9	t8_t4	2.8383808730856734	0.02
norm_wmean	HOXB7	t0.5_t0	0.36993642756586226	0.15999999999999992
norm_wmean	HOXB7	t1_t0.5	1.0980956411832308	0.42
norm_wmean	HOXB7	t2_t1	0.7078532059429468	0.72
norm_wmean	HOXB7	t3_t2	-1.1353124014937823	0.48
norm_wmean	HOXB7	t4_t3	-1.3827028616390877	0.24
norm_wmean	HOXB7	t8_t4	-0.5225518234741653	0.8200000000000001
norm_wmean	HSF1	t0.5_t0	-0.1525564894748279	0.82
norm_wmean	HSF1	t1_t0.5	-0.25046872627893446	0.72
norm_wmean	HSF1	t2_t1	2.870499481835344	0.38
norm_wmean	HSF1	t3_t2	2.3059990637041765	0.08
norm_wmean	HSF1	t4_t3	1.6294007260431635	0.54
norm_wmean	HSF1	t8_t4	-2.4137491119108425	0.38
norm_wmean	IKZF1	t0.5_t0	1.2684692019909654	0.45999999999999996
norm_wmean	IKZF1	t1_t0.5	-2.0581576296763084	0.04
norm_wmean	IKZF1	t2_t1	3.11359483796975	0.14
norm_wmean	IKZF1	t3_t2	-1.1488106636573117	0.38
norm_wmean	IKZF1	t4_t3	-1.495724105236682	0.16
norm_wmean	IKZF1	t8_t4	-0.990076511414773	0.78
norm_wmean	IRF1	t0.5_t0	3.4887722230250895	0.06
norm_wmean	IRF1	t1_t0.5	-3.64986599568882	0.02
norm_wmean	IRF1	t2_t1	0.14444107402427178	0.8799999999999999
norm_wmean	IRF1	t3_t2	-0.38560095323850196	0.9199999999999999
norm_wmean	IRF1	t4_t3	0.1726121731022418	0.020000000000000018
norm_wmean	IRF1	t8_t4	1.04895623905797	0.36
norm_wmean	IRF2	t0.5_t0	1.8298256755373354	0.8
norm_wmean	IRF2	t1_t0.5	-3.5826294696623604	0.02
norm_wmean	IRF2	t2_t1	-2.8146743456738186	0.02
norm_wmean	IRF2	t3_t2	-0.3306123965954486	0.98
norm_wmean	IRF2	t4_t3	-1.195873800288882	0.34
norm_wmean	IRF2	t8_t4	4.361339381834342	0.02
norm_wmean	IRF3	t0.5_t0	-0.5639271981140792	0.58
norm_wmean	IRF3	t1_t0.5	-1.3440742664474112	0.28
norm_wmean	IRF3	t2_t1	-0.10102701592268326	0.9
norm_wmean	IRF3	t3_t2	-0.9974230711545357	0.48
norm_wmean	IRF3	t4_t3	2.2376800179163996	0.1
norm_wmean	IRF3	t8_t4	1.268762567335495	0.24
norm_wmean	IRF4	t0.5_t0	3.125516808355403	0.46
norm_wmean	IRF4	t1_t0.5	-1.4857131665511292	0.18
norm_wmean	IRF4	t2_t1	0.6265726679376977	0.19999999999999996
norm_wmean	IRF4	t3_t2	-0.4371529082510417	0.98
norm_wmean	IRF4	t4_t3	1.0372805284303108	0.7
norm_wmean	IRF4	t8_t4	-0.9546132602261675	0.3799999999999999
norm_wmean	IRF8	t0.5_t0	0.4974659364709652	0.3400000000000001
norm_wmean	IRF8	t1_t0.5	1.6676809957843666	0.22
norm_wmean	IRF8	t2_t1	0.44264961279886356	0.43999999999999995
norm_wmean	IRF8	t3_t2	-2.025727155330283	0.12
norm_wmean	IRF8	t4_t3	-8.850425023926548e-4	0.1200000000000001
norm_wmean	IRF8	t8_t4	-1.0084296491102427	0.62
norm_wmean	IRF9	t0.5_t0	1.2721713147494018	0.3600000000000001
norm_wmean	IRF9	t1_t0.5	-0.45208939261387165	0.94
norm_wmean	IRF9	t2_t1	-0.8665294545613436	0.34
norm_wmean	IRF9	t3_t2	-1.9950100269757927	0.06
norm_wmean	IRF9	t4_t3	-0.19610612045859097	0.43999999999999995
norm_wmean	IRF9	t8_t4	0.8080875344392554	0.52
norm_wmean	JUN	t0.5_t0	9.463833302422783	0.02
norm_wmean	JUN	t1_t0.5	2.037837702977446	0.16
norm_wmean	JUN	t2_t1	-0.9021448491124381	0.32
norm_wmean	JUN	t3_t2	-0.7302166793919896	0.64
norm_wmean	JUN	t4_t3	-2.8610558208941317	0.02
norm_wmean	JUN	t8_t4	-6.598417650177106	0.02
norm_wmean	JUNB	t0.5_t0	9.23153433160167	0.02
norm_wmean	JUNB	t1_t0.5	-2.4464180501878623	0.04
norm_wmean	JUNB	t2_t1	-2.3585755411988187	0.04
norm_wmean	JUNB	t3_t2	-2.5256003679399903	0.02
norm_wmean	JUNB	t4_t3	-1.3601637340728692	0.28
norm_wmean	JUNB	t8_t4	-2.7050133368164	0.08
norm_wmean	JUND	t0.5_t0	7.24777561086806	0.02
norm_wmean	JUND	t1_t0.5	-1.2071096425739425	0.42
norm_wmean	JUND	t2_t1	-1.2608385043475667	0.18
norm_wmean	JUND	t3_t2	0.4149829879358556	0.30000000000000004
norm_wmean	JUND	t4_t3	-0.840335958402886	0.52
norm_wmean	JUND	t8_t4	-4.375900359907703	0.02
norm_wmean	KDM5B	t0.5_t0	5.058766288589703	0.02
norm_wmean	KDM5B	t1_t0.5	-0.7298631849889002	0.7
norm_wmean	KDM5B	t2_t1	2.9904164662258848	0.04
norm_wmean	KDM5B	t3_t2	0.8689859528192648	0.64
norm_wmean	KDM5B	t4_t3	-1.5018548807201677	0.18
norm_wmean	KDM5B	t8_t4	-3.643730071040891	0.02
norm_wmean	KLF1	t0.5_t0	2.9799052243790936	0.36
norm_wmean	KLF1	t1_t0.5	-1.3611911237529615	0.2
norm_wmean	KLF1	t2_t1	1.8835723213294238	0.8799999999999999
norm_wmean	KLF1	t3_t2	0.4719334254993759	0.15999999999999992
norm_wmean	KLF1	t4_t3	1.8026934703549347	0.2
norm_wmean	KLF1	t8_t4	-3.035589007591505	0.08
norm_wmean	KLF13	t0.5_t0	1.784847896616136	0.9
norm_wmean	KLF13	t1_t0.5	-2.357573794424388	0.02
norm_wmean	KLF13	t2_t1	2.2773941910955813	0.46
norm_wmean	KLF13	t3_t2	0.8891633390609567	0.96
norm_wmean	KLF13	t4_t3	1.1382915253416335	0.94
norm_wmean	KLF13	t8_t4	-3.8414306423428366	0.02
norm_wmean	KLF4	t0.5_t0	6.9741717428839545	0.02
norm_wmean	KLF4	t1_t0.5	1.6867712677707538	0.28
norm_wmean	KLF4	t2_t1	1.0331472473426297	0.78
norm_wmean	KLF4	t3_t2	-1.0319306784145845	0.52
norm_wmean	KLF4	t4_t3	-0.1550920504643426	0.26
norm_wmean	KLF4	t8_t4	-8.098326219287042	0.02
norm_wmean	KLF5	t0.5_t0	3.6600988883822274	0.08
norm_wmean	KLF5	t1_t0.5	-0.9219770995257893	0.42
norm_wmean	KLF5	t2_t1	-0.6152944401484446	0.48
norm_wmean	KLF5	t3_t2	3.2602590511368157	0.04
norm_wmean	KLF5	t4_t3	2.019529455347253	0.2
norm_wmean	KLF5	t8_t4	-5.10386934633597	0.02
norm_wmean	KLF6	t0.5_t0	5.584002027172913	0.02
norm_wmean	KLF6	t1_t0.5	0.18096020871837645	0.06000000000000005
norm_wmean	KLF6	t2_t1	1.659808373974124	1
norm_wmean	KLF6	t3_t2	-0.64582701744711	0.78
norm_wmean	KLF6	t4_t3	-2.248367329336342	0.06
norm_wmean	KLF6	t8_t4	-6.498687905512512	0.02
norm_wmean	KMT2A	t0.5_t0	0.7956138063109052	0.17999999999999994
norm_wmean	KMT2A	t1_t0.5	-2.316118762253159	0.04
norm_wmean	KMT2A	t2_t1	-1.156359134638399	0.26
norm_wmean	KMT2A	t3_t2	-2.0235785018689207	0.04
norm_wmean	KMT2A	t4_t3	-2.6011221667077953	0.02
norm_wmean	KMT2A	t8_t4	0.08208036846361479	0.8799999999999999
norm_wmean	LEF1	t0.5_t0	6.861995423943282	0.02
norm_wmean	LEF1	t1_t0.5	3.060974512405263	0.02
norm_wmean	LEF1	t2_t1	0.8726552253073407	0.26
norm_wmean	LEF1	t3_t2	0.9732044124006535	0.86
norm_wmean	LEF1	t4_t3	-0.8083188092954379	0.68
norm_wmean	LEF1	t8_t4	-4.803281142488371	0.02
norm_wmean	LYL1	t0.5_t0	1.778667474155219	0.45999999999999996
norm_wmean	LYL1	t1_t0.5	1.6883973338390377	0.24
norm_wmean	LYL1	t2_t1	5.162346392040616	0.04
norm_wmean	LYL1	t3_t2	-0.24166858043767311	0.8200000000000001
norm_wmean	LYL1	t4_t3	-1.146223649426346	0.44
norm_wmean	LYL1	t8_t4	-6.342245896385058	0.02
norm_wmean	MAF	t0.5_t0	1.0866337541589135	0.08000000000000007
norm_wmean	MAF	t1_t0.5	0.5405136356751383	0.6000000000000001
norm_wmean	MAF	t2_t1	2.1239293578370515	0.58
norm_wmean	MAF	t3_t2	-0.5488433440766491	0.8
norm_wmean	MAF	t4_t3	-0.4110677693019421	0.6000000000000001
norm_wmean	MAF	t8_t4	-2.7533831954953647	0.16
norm_wmean	MAFG	t0.5_t0	0.8101344489551181	0.17999999999999994
norm_wmean	MAFG	t1_t0.5	-0.6691761178615765	0.62
norm_wmean	MAFG	t2_t1	0.5379713782962392	0.1200000000000001
norm_wmean	MAFG	t3_t2	0.5816711993212534	0.5800000000000001
norm_wmean	MAFG	t4_t3	-0.5208976289108247	0.8200000000000001
norm_wmean	MAFG	t8_t4	-1.946511446697894	0.48
norm_wmean	MAFK	t0.5_t0	0.031618017553788076	0.8600000000000001
norm_wmean	MAFK	t1_t0.5	-1.1796174407841769	0.28
norm_wmean	MAFK	t2_t1	1.4785505054223518	0.74
norm_wmean	MAFK	t3_t2	2.061572386261443	0.1
norm_wmean	MAFK	t4_t3	-0.1920127882125561	0.17999999999999994
norm_wmean	MAFK	t8_t4	-5.473594419789698	0.02
norm_wmean	MAX	t0.5_t0	3.647001990116629	0.14
norm_wmean	MAX	t1_t0.5	2.501168064566658	0.04
norm_wmean	MAX	t2_t1	3.4097551318130472	0.08
norm_wmean	MAX	t3_t2	-2.6416982408886596	0.02
norm_wmean	MAX	t4_t3	-1.7245095603300653	0.12
norm_wmean	MAX	t8_t4	-5.607407860473914	0.02
norm_wmean	MAZ	t0.5_t0	2.0911908051167822	0.56
norm_wmean	MAZ	t1_t0.5	-0.6624989680807662	0.56
norm_wmean	MAZ	t2_t1	2.6849342747014378	0.42
norm_wmean	MAZ	t3_t2	0.37603702779133813	0.3799999999999999
norm_wmean	MAZ	t4_t3	-0.25858086110255857	0.8400000000000001
norm_wmean	MAZ	t8_t4	-4.151765583385508	0.02
norm_wmean	MBD1	t0.5_t0	-1.283550713555993	0.26
norm_wmean	MBD1	t1_t0.5	-0.7141721264278271	0.66
norm_wmean	MBD1	t2_t1	1.740170574018914	0.92
norm_wmean	MBD1	t3_t2	0.2174521756119352	0.21999999999999997
norm_wmean	MBD1	t4_t3	2.145022264252732	0.1
norm_wmean	MBD1	t8_t4	0.0856602864625954	0.6799999999999999
norm_wmean	MEF2A	t0.5_t0	5.612517877621283	0.02
norm_wmean	MEF2A	t1_t0.5	-4.573730913360515	0.02
norm_wmean	MEF2A	t2_t1	2.551786251926355	0.5
norm_wmean	MEF2A	t3_t2	-2.234075913926533	0.04
norm_wmean	MEF2A	t4_t3	-1.1356716650160161	0.4
norm_wmean	MEF2A	t8_t4	-4.605064032749955	0.02
norm_wmean	MEF2B	t0.5_t0	5.989667419551258	0.02
norm_wmean	MEF2B	t1_t0.5	-6.462529914863624	0.02
norm_wmean	MEF2B	t2_t1	-2.4138403104374313	0.04
norm_wmean	MEF2B	t3_t2	0.5431956594144794	0.48
norm_wmean	MEF2B	t4_t3	-0.19501158316240738	0.32000000000000006
norm_wmean	MEF2B	t8_t4	-4.174733008809109	0.02
norm_wmean	MEF2C	t0.5_t0	3.322919112970106	0.16
norm_wmean	MEF2C	t1_t0.5	-5.441437273242766	0.02
norm_wmean	MEF2C	t2_t1	5.3894099673353235	0.02
norm_wmean	MEF2C	t3_t2	0.6002997593649384	0.98
norm_wmean	MEF2C	t4_t3	-0.11799244878449489	0.7
norm_wmean	MEF2C	t8_t4	-2.0656049262345304	0.64
norm_wmean	MEIS1	t0.5_t0	0.1998903737718257	0.78
norm_wmean	MEIS1	t1_t0.5	-0.25815867313399044	0.8400000000000001
norm_wmean	MEIS1	t2_t1	-0.27660346992009993	0.76
norm_wmean	MEIS1	t3_t2	-3.135120498757463	0.02
norm_wmean	MEIS1	t4_t3	0.6537381449005566	0.8200000000000001
norm_wmean	MEIS1	t8_t4	-0.3404412070577285	0.45999999999999996
norm_wmean	MEIS2	t0.5_t0	0.7756020905774833	0.1200000000000001
norm_wmean	MEIS2	t1_t0.5	-0.24310707611374321	0.7
norm_wmean	MEIS2	t2_t1	-3.4908398438661616	0.02
norm_wmean	MEIS2	t3_t2	-3.5007035812553373	0.02
norm_wmean	MEIS2	t4_t3	0.9100910164720379	0.7
norm_wmean	MEIS2	t8_t4	2.151331521596015	0.02
norm_wmean	MITF	t0.5_t0	5.66473294932472	0.54
norm_wmean	MITF	t1_t0.5	-1.4745127882120688	0.08
norm_wmean	MITF	t2_t1	4.832354169606243	0.020000000000000018
norm_wmean	MITF	t3_t2	-4.426018290114479	0.02
norm_wmean	MITF	t4_t3	-2.712349260844633	0.02
norm_wmean	MITF	t8_t4	-1.724018399039648	0.08000000000000007
norm_wmean	MNT	t0.5_t0	2.8531147737490765	0.68
norm_wmean	MNT	t1_t0.5	0.8282284744764008	0.9
norm_wmean	MNT	t2_t1	1.9554379730987952	0.6200000000000001
norm_wmean	MNT	t3_t2	0.34876390689133246	0.72
norm_wmean	MNT	t4_t3	1.682927865167983	0.24
norm_wmean	MNT	t8_t4	-4.140457061557235	0.02
norm_wmean	MXI1	t0.5_t0	3.195783682579881	0.5
norm_wmean	MXI1	t1_t0.5	-1.240947131420807	0.26
norm_wmean	MXI1	t2_t1	-0.46659841890210546	0.62
norm_wmean	MXI1	t3_t2	-0.514010730264965	0.94
norm_wmean	MXI1	t4_t3	1.4129344577627676	0.36
norm_wmean	MXI1	t8_t4	-3.5673854588049796	0.02
norm_wmean	MYB	t0.5_t0	2.5460692087667143	0.26
norm_wmean	MYB	t1_t0.5	-0.1317464236874404	0.7
norm_wmean	MYB	t2_t1	1.956706942687763	0.76
norm_wmean	MYB	t3_t2	0.5670652824346554	0.74
norm_wmean	MYB	t4_t3	-2.2191166447397137	0.04
norm_wmean	MYB	t8_t4	-2.0132171293025016	0.22
norm_wmean	MYBL2	t0.5_t0	2.0059587069977525	0.38
norm_wmean	MYBL2	t1_t0.5	-0.8716358739822916	0.44
norm_wmean	MYBL2	t2_t1	-1.3154095205720087	0.2
norm_wmean	MYBL2	t3_t2	1.8098013177050396	0.28
norm_wmean	MYBL2	t4_t3	0.36374682332857805	0.28
norm_wmean	MYBL2	t8_t4	-0.9928591229406466	0.8
norm_wmean	MYC	t0.5_t0	2.279137076601241	0.020000000000000018
norm_wmean	MYC	t1_t0.5	0.650878998012392	0.1200000000000001
norm_wmean	MYC	t2_t1	0.6284442586410707	0.6200000000000001
norm_wmean	MYC	t3_t2	2.493626334343158	0.12
norm_wmean	MYC	t4_t3	-1.521130942361835	0.18
norm_wmean	MYC	t8_t4	2.109454427021322	0.06
norm_wmean	MYCN	t0.5_t0	-0.48870985191651967	0.68
norm_wmean	MYCN	t1_t0.5	0.4946795593784806	0.8
norm_wmean	MYCN	t2_t1	1.6823900768073983	0.72
norm_wmean	MYCN	t3_t2	1.8863055571872551	0.22
norm_wmean	MYCN	t4_t3	1.9981157713599214	0.12
norm_wmean	MYCN	t8_t4	-1.2315496953263794	0.78
norm_wmean	MYOD1	t0.5_t0	0.6284132143439457	0.3400000000000001
norm_wmean	MYOD1	t1_t0.5	-0.8868151402026223	0.6
norm_wmean	MYOD1	t2_t1	1.191239700498579	0.3799999999999999
norm_wmean	MYOD1	t3_t2	-2.0948198175504893	0.06
norm_wmean	MYOD1	t4_t3	2.3401032663050483	0.04
norm_wmean	MYOD1	t8_t4	0.06181410056677277	0.8
norm_wmean	NCOA1	t0.5_t0	-1.683367796236329	0.1
norm_wmean	NCOA1	t1_t0.5	-1.0774552468882408	0.26
norm_wmean	NCOA1	t2_t1	-0.3475745225388152	0.96
norm_wmean	NCOA1	t3_t2	-0.8889897398613874	0.6
norm_wmean	NCOA1	t4_t3	0.0023727073349137555	0.17999999999999994
norm_wmean	NCOA1	t8_t4	-0.8820989155201728	0.8799999999999999
norm_wmean	NCOA2	t0.5_t0	-0.8092227559955311	0.46
norm_wmean	NCOA2	t1_t0.5	-1.0450286275573342	0.36
norm_wmean	NCOA2	t2_t1	-0.19316359801579	1
norm_wmean	NCOA2	t3_t2	-1.3912385103424658	0.3
norm_wmean	NCOA2	t4_t3	-1.3790324447001678	0.36
norm_wmean	NCOA2	t8_t4	0.4777677208276658	0.9
norm_wmean	NCOA3	t0.5_t0	1.4706676059588926	0.96
norm_wmean	NCOA3	t1_t0.5	-1.8138582801777674	0.1
norm_wmean	NCOA3	t2_t1	1.1008716878679772	1
norm_wmean	NCOA3	t3_t2	-2.6740827354696326	0.02
norm_wmean	NCOA3	t4_t3	-2.599081607614356	0.02
norm_wmean	NCOA3	t8_t4	-0.9094204652699491	0.8200000000000001
norm_wmean	NEUROD1	t0.5_t0	2.340114777255059	0.5
norm_wmean	NEUROD1	t1_t0.5	0.6095263654700275	0.8
norm_wmean	NEUROD1	t2_t1	0.8662100488497307	0.32000000000000006
norm_wmean	NEUROD1	t3_t2	-0.7579816053135766	0.84
norm_wmean	NEUROD1	t4_t3	1.1800179370971327	0.56
norm_wmean	NEUROD1	t8_t4	-4.236300261128959	0.02
norm_wmean	NFATC1	t0.5_t0	3.232348143353302	0.04
norm_wmean	NFATC1	t1_t0.5	0.0636955736328044	0.1200000000000001
norm_wmean	NFATC1	t2_t1	-5.003255732549852	0.02
norm_wmean	NFATC1	t3_t2	-3.2808578204315935	0.02
norm_wmean	NFATC1	t4_t3	-1.8689832894488791	0.06
norm_wmean	NFATC1	t8_t4	-1.2484361656717886	0.82
norm_wmean	NFE2L1	t0.5_t0	-0.2698102528610766	0.96
norm_wmean	NFE2L1	t1_t0.5	0.3210801028249529	0.020000000000000018
norm_wmean	NFE2L1	t2_t1	-1.000048416479284	0.26
norm_wmean	NFE2L1	t3_t2	-1.893268916255856	0.12
norm_wmean	NFE2L1	t4_t3	0.22950119658434234	0.30000000000000004
norm_wmean	NFE2L1	t8_t4	-0.2793259063806723	0.17999999999999994
norm_wmean	NFE2L2	t0.5_t0	6.077603019079872	0.02
norm_wmean	NFE2L2	t1_t0.5	-0.7162163368765653	0.7
norm_wmean	NFE2L2	t2_t1	-1.484185161411271	0.12
norm_wmean	NFE2L2	t3_t2	-0.3693347540783218	0.74
norm_wmean	NFE2L2	t4_t3	0.2501675172040609	0.3400000000000001
norm_wmean	NFE2L2	t8_t4	0.39186828479929253	0.66
norm_wmean	NFIC	t0.5_t0	2.9363386010508195	0.5
norm_wmean	NFIC	t1_t0.5	-2.5782062511029618	0.02
norm_wmean	NFIC	t2_t1	2.727713061219681	0.4
norm_wmean	NFIC	t3_t2	2.189499957410222	0.1
norm_wmean	NFIC	t4_t3	2.0782827245333233	0.12
norm_wmean	NFIC	t8_t4	-1.3030869187744762	0.82
norm_wmean	NFKB1	t0.5_t0	9.576950614981314	0.02
norm_wmean	NFKB1	t1_t0.5	-1.7663172406376644	0.14
norm_wmean	NFKB1	t2_t1	1.7406528251900115	0.040000000000000036
norm_wmean	NFKB1	t3_t2	-0.5511946885171103	0.74
norm_wmean	NFKB1	t4_t3	-1.7528953348209912	0.18
norm_wmean	NFKB1	t8_t4	-4.589140057383986	0.06
norm_wmean	NFKB2	t0.5_t0	4.264988829646829	0.04
norm_wmean	NFKB2	t1_t0.5	-1.314562216261791	0.24
norm_wmean	NFKB2	t2_t1	1.6749474501629766	0.68
norm_wmean	NFKB2	t3_t2	0.18396525901157587	0.020000000000000018
norm_wmean	NFKB2	t4_t3	-1.6583227752818333	0.1
norm_wmean	NFKB2	t8_t4	-3.1216335346568638	0.06
norm_wmean	NFYA	t0.5_t0	1.5136598768978022	0.3400000000000001
norm_wmean	NFYA	t1_t0.5	-0.9496287408242363	0.46
norm_wmean	NFYA	t2_t1	-1.7374604384250352	0.1
norm_wmean	NFYA	t3_t2	-1.1081627927529458	0.38
norm_wmean	NFYA	t4_t3	-0.030495328593260245	0.24
norm_wmean	NFYA	t8_t4	1.0400794187135554	0.36
norm_wmean	NFYB	t0.5_t0	1.8483526914013233	0.7
norm_wmean	NFYB	t1_t0.5	-5.183228081687911	0.02
norm_wmean	NFYB	t2_t1	-2.033121394327257	0.06
norm_wmean	NFYB	t3_t2	-0.9208273691902944	0.6
norm_wmean	NFYB	t4_t3	-0.7294619111378285	0.88
norm_wmean	NFYB	t8_t4	1.9845158737897848	0.04
norm_wmean	NR1H2	t0.5_t0	2.4693463930892876	0.1
norm_wmean	NR1H2	t1_t0.5	-0.5002576163052681	0.8999999999999999
norm_wmean	NR1H2	t2_t1	-1.5664613501810072	0.14
norm_wmean	NR1H2	t3_t2	-2.312850688803937	0.04
norm_wmean	NR1H2	t4_t3	-1.790144489706852	0.06
norm_wmean	NR1H2	t8_t4	-0.7104060918180977	0.96
norm_wmean	NR1H3	t0.5_t0	1.4793407230244942	0.22
norm_wmean	NR1H3	t1_t0.5	0.6804587695461981	0.98
norm_wmean	NR1H3	t2_t1	-0.9395524470357212	0.26
norm_wmean	NR1H3	t3_t2	-1.7145172137641	0.16
norm_wmean	NR1H3	t4_t3	-1.9163344076642856	0.1
norm_wmean	NR1H3	t8_t4	-0.9084189078471169	1
norm_wmean	NR2C2	t0.5_t0	-3.573022682947234	0.02
norm_wmean	NR2C2	t1_t0.5	0.9540015201907518	0.98
norm_wmean	NR2C2	t2_t1	0.4364434164522949	0.6200000000000001
norm_wmean	NR2C2	t3_t2	1.6514836407470928	0.28
norm_wmean	NR2C2	t4_t3	0.8896337483472742	0.96
norm_wmean	NR2C2	t8_t4	1.3849208911784499	0.2
norm_wmean	NR2F1	t0.5_t0	1.4889654134832926	0.45999999999999996
norm_wmean	NR2F1	t1_t0.5	-0.8907736386096746	0.66
norm_wmean	NR2F1	t2_t1	4.1355811881896445	0.02
norm_wmean	NR2F1	t3_t2	2.05366066599908	0.2
norm_wmean	NR2F1	t4_t3	3.064274788196137	0.02
norm_wmean	NR2F1	t8_t4	-6.453808831035755	0.02
norm_wmean	NR2F2	t0.5_t0	0.18941928782294967	0.74
norm_wmean	NR2F2	t1_t0.5	0.23447128184656288	0.020000000000000018
norm_wmean	NR2F2	t2_t1	0.2995789320173423	0.5800000000000001
norm_wmean	NR2F2	t3_t2	-1.9731162040529373	0.08
norm_wmean	NR2F2	t4_t3	-0.2161012822919055	0.48
norm_wmean	NR2F2	t8_t4	-1.4772363736718317	0.76
norm_wmean	NR2F6	t0.5_t0	-0.5231569625031789	0.54
norm_wmean	NR2F6	t1_t0.5	0.8705241296142515	0.88
norm_wmean	NR2F6	t2_t1	1.4820485888017758	0.96
norm_wmean	NR2F6	t3_t2	-1.6710100081740238	0.1
norm_wmean	NR2F6	t4_t3	-0.1441827719523725	0.21999999999999997
norm_wmean	NR2F6	t8_t4	-2.4525223670555363	0.16
norm_wmean	NR3C1	t0.5_t0	0.12514474063946177	0.72
norm_wmean	NR3C1	t1_t0.5	-0.33360536946899305	0.48
norm_wmean	NR3C1	t2_t1	-0.6667763990032215	0.46
norm_wmean	NR3C1	t3_t2	-2.2524455844900166	0.04
norm_wmean	NR3C1	t4_t3	-1.3662987401143447	0.26
norm_wmean	NR3C1	t8_t4	0.7991564703044584	0.6
norm_wmean	NR4A1	t0.5_t0	2.551819809682225	0.24
norm_wmean	NR4A1	t1_t0.5	-0.5510643500169777	0.92
norm_wmean	NR4A1	t2_t1	0.7712781616152394	0.1200000000000001
norm_wmean	NR4A1	t3_t2	-3.462814685264189	0.02
norm_wmean	NR4A1	t4_t3	-1.612563734551898	0.2
norm_wmean	NR4A1	t8_t4	0.6673860055402709	0.64
norm_wmean	NR5A2	t0.5_t0	2.2773465460725135	0.9
norm_wmean	NR5A2	t1_t0.5	-0.9325591045621722	0.58
norm_wmean	NR5A2	t2_t1	0.8514360530008344	0.06000000000000005
norm_wmean	NR5A2	t3_t2	1.0947619076349275	0.68
norm_wmean	NR5A2	t4_t3	-0.31173899698345636	0.8
norm_wmean	NR5A2	t8_t4	-0.8380298589003871	0.26
norm_wmean	NRF1	t0.5_t0	0.35607568662297745	0.45999999999999996
norm_wmean	NRF1	t1_t0.5	-1.2658460830033385	0.34
norm_wmean	NRF1	t2_t1	-0.9959062283321719	0.22
norm_wmean	NRF1	t3_t2	-0.116906694572776	0.3600000000000001
norm_wmean	NRF1	t4_t3	0.9893432767077232	0.8600000000000001
norm_wmean	NRF1	t8_t4	2.048143738533864	0.02
norm_wmean	ONECUT1	t0.5_t0	-1.8634065401955617	0.04
norm_wmean	ONECUT1	t1_t0.5	-0.41383628747668233	0.8999999999999999
norm_wmean	ONECUT1	t2_t1	-0.3328190477034653	0.82
norm_wmean	ONECUT1	t3_t2	-1.059195662791043	0.64
norm_wmean	ONECUT1	t4_t3	-1.8477510768223735	0.16
norm_wmean	ONECUT1	t8_t4	0.38535997979061315	0.9
norm_wmean	OTX2	t0.5_t0	0.22623957918604434	0.5
norm_wmean	OTX2	t1_t0.5	0.2740754077302987	0.08000000000000007
norm_wmean	OTX2	t2_t1	2.1988306627156597	0.26
norm_wmean	OTX2	t3_t2	-0.42556589478418366	0.88
norm_wmean	OTX2	t4_t3	-4.816917452330032	0.02
norm_wmean	OTX2	t8_t4	-2.2205610427181526	0.14
norm_wmean	PAX5	t0.5_t0	0.3725741966632167	0.15999999999999992
norm_wmean	PAX5	t1_t0.5	-0.559743993003673	0.8799999999999999
norm_wmean	PAX5	t2_t1	-2.0512085952457766	0.1
norm_wmean	PAX5	t3_t2	-0.8910478792663445	0.84
norm_wmean	PAX5	t4_t3	0.5468003611515614	0.7
norm_wmean	PAX5	t8_t4	0.09524191628229672	0.5
norm_wmean	PAX6	t0.5_t0	0.9807418182355419	0.41999999999999993
norm_wmean	PAX6	t1_t0.5	-0.6509829689370131	0.8
norm_wmean	PAX6	t2_t1	2.4938960064505373	0.18
norm_wmean	PAX6	t3_t2	-1.052323692422792	0.36
norm_wmean	PAX6	t4_t3	-0.9456369097615639	0.58
norm_wmean	PAX6	t8_t4	-1.2272502768040785	0.94
norm_wmean	PAX8	t0.5_t0	0.8265639922114664	0.96
norm_wmean	PAX8	t1_t0.5	0.5439910211647982	0.8999999999999999
norm_wmean	PAX8	t2_t1	0.7717299941959468	0.7
norm_wmean	PAX8	t3_t2	0.6606218895773968	1
norm_wmean	PAX8	t4_t3	-1.1836476093255173	0.46
norm_wmean	PAX8	t8_t4	-0.7552719218210613	0.96
norm_wmean	PBX3	t0.5_t0	-0.8360014402842023	0.42
norm_wmean	PBX3	t1_t0.5	-0.4237762295217452	0.76
norm_wmean	PBX3	t2_t1	1.65180991978863	0.6799999999999999
norm_wmean	PBX3	t3_t2	1.7394315799196127	0.28
norm_wmean	PBX3	t4_t3	-1.0996337216624819	0.42
norm_wmean	PBX3	t8_t4	-2.8468697436062342	0.06
norm_wmean	PGR	t0.5_t0	4.393568398545138	0.02
norm_wmean	PGR	t1_t0.5	0.560496972040151	0.52
norm_wmean	PGR	t2_t1	3.0379966849829754	0.52
norm_wmean	PGR	t3_t2	-0.7111500542614299	0.88
norm_wmean	PGR	t4_t3	-1.462447672219818	0.18
norm_wmean	PGR	t8_t4	-5.030693517689167	0.02
norm_wmean	PKNOX1	t0.5_t0	0.9472465866448628	0.020000000000000018
norm_wmean	PKNOX1	t1_t0.5	-0.3963127107630444	0.56
norm_wmean	PKNOX1	t2_t1	2.586440073127105	0.28
norm_wmean	PKNOX1	t3_t2	-3.168089171895119	0.02
norm_wmean	PKNOX1	t4_t3	-0.43696203122423555	0.9199999999999999
norm_wmean	PKNOX1	t8_t4	1.4738083336948655	0.22
norm_wmean	POU2F1	t0.5_t0	4.861633665422871	0.02
norm_wmean	POU2F1	t1_t0.5	0.7019284618642277	0.8
norm_wmean	POU2F1	t2_t1	0.5080101446126287	0.26
norm_wmean	POU2F1	t3_t2	-1.9228460097491669	0.16
norm_wmean	POU2F1	t4_t3	-1.1110045305649159	0.36
norm_wmean	POU2F1	t8_t4	-1.78241958064677	0.26
norm_wmean	POU2F2	t0.5_t0	1.2660299455621888	0.30000000000000004
norm_wmean	POU2F2	t1_t0.5	-0.7718588293116213	0.7
norm_wmean	POU2F2	t2_t1	0.46819518740138477	0.3799999999999999
norm_wmean	POU2F2	t3_t2	-1.8774585957914645	0.06
norm_wmean	POU2F2	t4_t3	-0.2649117981685252	0.6399999999999999
norm_wmean	POU2F2	t8_t4	-1.0861992198683472	0.3799999999999999
norm_wmean	POU4F2	t0.5_t0	2.0500740731330906	0.56
norm_wmean	POU4F2	t1_t0.5	1.8986625495870533	0.18
norm_wmean	POU4F2	t2_t1	0.78982083031108	0.24
norm_wmean	POU4F2	t3_t2	-1.186449916731363	0.46
norm_wmean	POU4F2	t4_t3	-0.36842728157364296	0.8200000000000001
norm_wmean	POU4F2	t8_t4	-5.67245119031365	0.02
norm_wmean	POU5F1	t0.5_t0	-0.4281910988642398	0.7
norm_wmean	POU5F1	t1_t0.5	-0.6674598342611401	0.9
norm_wmean	POU5F1	t2_t1	2.6611634756644174	0.54
norm_wmean	POU5F1	t3_t2	-2.0707499354255416	0.04
norm_wmean	POU5F1	t4_t3	0.599431638591725	0.8
norm_wmean	POU5F1	t8_t4	-1.4294073160552645	0.96
norm_wmean	PPARA	t0.5_t0	7.0564245022656	0.02
norm_wmean	PPARA	t1_t0.5	0.7071582006478898	0.74
norm_wmean	PPARA	t2_t1	-1.2989688285405363	0.26
norm_wmean	PPARA	t3_t2	-0.1265329814185071	0.24
norm_wmean	PPARA	t4_t3	-0.12541592471108048	0.1200000000000001
norm_wmean	PPARA	t8_t4	-4.913057481575118	0.02
norm_wmean	PPARG	t0.5_t0	0.06668499217431269	0.74
norm_wmean	PPARG	t1_t0.5	-2.7067534739905312	0.02
norm_wmean	PPARG	t2_t1	-0.12360920648759686	0.88
norm_wmean	PPARG	t3_t2	-0.26628358773199784	0.6399999999999999
norm_wmean	PPARG	t4_t3	1.6983520074823586	0.18
norm_wmean	PPARG	t8_t4	0.6812974305738752	0.5
norm_wmean	PRDM1	t0.5_t0	-3.7733273520073554	0.02
norm_wmean	PRDM1	t1_t0.5	-2.2862493452084025	0.04
norm_wmean	PRDM1	t2_t1	3.459080138344467	0.02
norm_wmean	PRDM1	t3_t2	1.2426746949439436	0.42
norm_wmean	PRDM1	t4_t3	-1.3915282046233715	0.36
norm_wmean	PRDM1	t8_t4	-3.0641342892499197	0.02
norm_wmean	PROX1	t0.5_t0	0.5245882566566833	0.21999999999999997
norm_wmean	PROX1	t1_t0.5	0.5678055974959003	0.98
norm_wmean	PROX1	t2_t1	2.082316997278019	0.28
norm_wmean	PROX1	t3_t2	-1.265717175785649	0.34
norm_wmean	PROX1	t4_t3	-2.122246250236135	0.06
norm_wmean	PROX1	t8_t4	-0.644176119129821	0.32000000000000006
norm_wmean	RARA	t0.5_t0	4.840407056027692	0.02
norm_wmean	RARA	t1_t0.5	-0.6164465071795631	0.76
norm_wmean	RARA	t2_t1	0.032117680429441325	0.8999999999999999
norm_wmean	RARA	t3_t2	0.9118926424277238	0.88
norm_wmean	RARA	t4_t3	1.8068941088809223	0.2
norm_wmean	RARA	t8_t4	-4.823421847367164	0.02
norm_wmean	RARB	t0.5_t0	1.3610290755683934	0.3
norm_wmean	RARB	t1_t0.5	2.151678308676912	0.14
norm_wmean	RARB	t2_t1	2.3305702123896395	0.14
norm_wmean	RARB	t3_t2	2.1225329395388735	0.08
norm_wmean	RARB	t4_t3	0.3189108413506771	0.3600000000000001
norm_wmean	RARB	t8_t4	-3.3418570479552727	0.02
norm_wmean	RARG	t0.5_t0	0.3210747001769519	0.17999999999999994
norm_wmean	RARG	t1_t0.5	-1.3443366237165917	0.4
norm_wmean	RARG	t2_t1	-2.6739664754197756	0.06
norm_wmean	RARG	t3_t2	-0.6468215717979131	0.94
norm_wmean	RARG	t4_t3	0.9366717019513096	0.72
norm_wmean	RARG	t8_t4	0.34344039632564405	0.76
norm_wmean	RBPJ	t0.5_t0	6.081374087206736	0.02
norm_wmean	RBPJ	t1_t0.5	-0.43427437925994633	0.78
norm_wmean	RBPJ	t2_t1	-1.347024380604836	0.12
norm_wmean	RBPJ	t3_t2	-2.955195734584464	0.02
norm_wmean	RBPJ	t4_t3	-0.82816530801926	0.54
norm_wmean	RBPJ	t8_t4	-0.3030373961061001	0.41999999999999993
norm_wmean	REL	t0.5_t0	3.4606470094420745	0.02
norm_wmean	REL	t1_t0.5	-2.3850246118998326	0.04
norm_wmean	REL	t2_t1	-0.9937402873337738	0.5
norm_wmean	REL	t3_t2	0.6506390787173184	0.96
norm_wmean	REL	t4_t3	1.1214801932163876	0.84
norm_wmean	REL	t8_t4	-0.9965346478553415	0.78
norm_wmean	RELA	t0.5_t0	9.56956203231978	0.02
norm_wmean	RELA	t1_t0.5	-0.8119953398654638	0.64
norm_wmean	RELA	t2_t1	-0.7594270348703795	0.32
norm_wmean	RELA	t3_t2	-1.042835393526671	0.42
norm_wmean	RELA	t4_t3	-1.7290033678263275	0.12
norm_wmean	RELA	t8_t4	-4.481705095067161	0.02
norm_wmean	RELB	t0.5_t0	2.0900726430943886	0.8200000000000001
norm_wmean	RELB	t1_t0.5	-1.8510557680530968	0.14
norm_wmean	RELB	t2_t1	2.8351532674824593	0.28
norm_wmean	RELB	t3_t2	1.6837385055546175	0.28
norm_wmean	RELB	t4_t3	-1.227217860860291	0.3
norm_wmean	RELB	t8_t4	-5.206983429678175	0.02
norm_wmean	REST	t0.5_t0	0.8316217594898174	0.8400000000000001
norm_wmean	REST	t1_t0.5	0.27073301123827276	0.3999999999999999
norm_wmean	REST	t2_t1	1.3193191725140534	0.88
norm_wmean	REST	t3_t2	-0.39501957279487254	0.8999999999999999
norm_wmean	REST	t4_t3	0.6742571657434481	0.8600000000000001
norm_wmean	REST	t8_t4	-1.1594590423722786	0.84
norm_wmean	RFX1	t0.5_t0	-2.80841471017296	0.02
norm_wmean	RFX1	t1_t0.5	-0.6809228318883028	0.78
norm_wmean	RFX1	t2_t1	1.5881358698497845	0.8
norm_wmean	RFX1	t3_t2	0.5924132598918982	0.8400000000000001
norm_wmean	RFX1	t4_t3	1.3674231376300745	0.5
norm_wmean	RFX1	t8_t4	-2.2308322895827026	0.24
norm_wmean	RFX5	t0.5_t0	1.6577200726760988	0.41999999999999993
norm_wmean	RFX5	t1_t0.5	-1.8449170595944318	0.06
norm_wmean	RFX5	t2_t1	1.553599956997663	0.28
norm_wmean	RFX5	t3_t2	-0.360182455212176	0.98
norm_wmean	RFX5	t4_t3	0.3202095815639431	0.28
norm_wmean	RFX5	t8_t4	0.4925374542260605	0.8
norm_wmean	RUNX1	t0.5_t0	2.3023422954947446	0.040000000000000036
norm_wmean	RUNX1	t1_t0.5	0.2211608220281017	0.3400000000000001
norm_wmean	RUNX1	t2_t1	3.664913073346695	0.56
norm_wmean	RUNX1	t3_t2	-0.20454233225841914	1
norm_wmean	RUNX1	t4_t3	-0.658277688097485	0.66
norm_wmean	RUNX1	t8_t4	-5.060800262923204	0.06
norm_wmean	RUNX2	t0.5_t0	1.8474550785087374	0.8600000000000001
norm_wmean	RUNX2	t1_t0.5	0.5379282229980232	0.21999999999999997
norm_wmean	RUNX2	t2_t1	3.1331619651915408	0.26
norm_wmean	RUNX2	t3_t2	-0.026957661669152106	0.48
norm_wmean	RUNX2	t4_t3	-1.524486633660982	0.22
norm_wmean	RUNX2	t8_t4	-1.1857404121580015	0.6599999999999999
norm_wmean	RUNX3	t0.5_t0	0.08367867739119338	0.8400000000000001
norm_wmean	RUNX3	t1_t0.5	-1.0307200894582784	0.4
norm_wmean	RUNX3	t2_t1	1.9086251417874724	0.96
norm_wmean	RUNX3	t3_t2	-0.29512561021818806	0.8400000000000001
norm_wmean	RUNX3	t4_t3	0.04074111650556057	0.020000000000000018
norm_wmean	RUNX3	t8_t4	-0.007493928385084989	0.54
norm_wmean	RXRA	t0.5_t0	-0.369420088627748	0.92
norm_wmean	RXRA	t1_t0.5	-1.3412787107127415	0.28
norm_wmean	RXRA	t2_t1	-0.2138847027807707	0.96
norm_wmean	RXRA	t3_t2	-0.07485181574998448	0.19999999999999996
norm_wmean	RXRA	t4_t3	1.39279853961039	0.66
norm_wmean	RXRA	t8_t4	-1.1205808577953498	0.74
norm_wmean	SATB1	t0.5_t0	-1.0435112794677959	0.3
norm_wmean	SATB1	t1_t0.5	-2.5778013780497857	0.02
norm_wmean	SATB1	t2_t1	-1.2683627224912286	0.18
norm_wmean	SATB1	t3_t2	-1.2020458477502385	0.32
norm_wmean	SATB1	t4_t3	1.0310591043705115	0.38
norm_wmean	SATB1	t8_t4	1.477924955279451	0.14
norm_wmean	SMAD1	t0.5_t0	2.5398282533803873	0.12
norm_wmean	SMAD1	t1_t0.5	-5.167614634620653	0.02
norm_wmean	SMAD1	t2_t1	-0.3946399587675168	0.86
norm_wmean	SMAD1	t3_t2	0.8125345268834846	0.74
norm_wmean	SMAD1	t4_t3	0.7068635864267379	0.8799999999999999
norm_wmean	SMAD1	t8_t4	1.032667218107784	0.32
norm_wmean	SMAD3	t0.5_t0	4.044237246549494	0.02
norm_wmean	SMAD3	t1_t0.5	-0.5076278711650009	0.66
norm_wmean	SMAD3	t2_t1	3.5759083345493736	0.04
norm_wmean	SMAD3	t3_t2	-0.6930611991981971	0.78
norm_wmean	SMAD3	t4_t3	-0.46313819787648486	0.8
norm_wmean	SMAD3	t8_t4	-5.432451263022387	0.02
norm_wmean	SMAD4	t0.5_t0	5.394293521155002	0.02
norm_wmean	SMAD4	t1_t0.5	-3.720499108508798	0.02
norm_wmean	SMAD4	t2_t1	1.6683943305406777	0.98
norm_wmean	SMAD4	t3_t2	-2.574918114125197	0.02
norm_wmean	SMAD4	t4_t3	-1.1093944133290936	0.46
norm_wmean	SMAD4	t8_t4	-1.5659274142200568	0.6
norm_wmean	SMAD5	t0.5_t0	-0.9131434346680061	0.44
norm_wmean	SMAD5	t1_t0.5	-2.4064409195026055	0.04
norm_wmean	SMAD5	t2_t1	0.42095179488238765	0.41999999999999993
norm_wmean	SMAD5	t3_t2	-1.046051962958116	0.36
norm_wmean	SMAD5	t4_t3	-0.5308687379426051	0.98
norm_wmean	SMAD5	t8_t4	1.7803775779852482	0.1
norm_wmean	SOX2	t0.5_t0	2.7171138367495593	0.020000000000000018
norm_wmean	SOX2	t1_t0.5	-0.6323735927417156	0.58
norm_wmean	SOX2	t2_t1	1.188300509629545	0.21999999999999997
norm_wmean	SOX2	t3_t2	-3.553404160601592	0.02
norm_wmean	SOX2	t4_t3	-3.0524651448704225	0.02
norm_wmean	SOX2	t8_t4	-1.6958762030131227	0.06000000000000005
norm_wmean	SOX6	t0.5_t0	2.0213148604069198	0.7
norm_wmean	SOX6	t1_t0.5	-1.1651644532857741	0.32
norm_wmean	SOX6	t2_t1	-1.4857477653032416	0.14
norm_wmean	SOX6	t3_t2	1.1202789134036226	0.6
norm_wmean	SOX6	t4_t3	1.3671884261710414	0.34
norm_wmean	SOX6	t8_t4	0.4324601195366649	0.76
norm_wmean	SOX9	t0.5_t0	4.30595468978663	0.02
norm_wmean	SOX9	t1_t0.5	-1.407845629357047	0.2
norm_wmean	SOX9	t2_t1	-1.63820483817954	0.08
norm_wmean	SOX9	t3_t2	0.7328692128156632	0.5
norm_wmean	SOX9	t4_t3	0.19474417620303647	0.06000000000000005
norm_wmean	SOX9	t8_t4	-1.3282913541836001	0.74
norm_wmean	SP1	t0.5_t0	9.698255981048646	0.02
norm_wmean	SP1	t1_t0.5	0.2500495921201421	0.32000000000000006
norm_wmean	SP1	t2_t1	0.8643446815182794	0.3600000000000001
norm_wmean	SP1	t3_t2	0.5780755675531394	0.3600000000000001
norm_wmean	SP1	t4_t3	-1.413691862312396	0.2
norm_wmean	SP1	t8_t4	-5.16709235513715	0.02
norm_wmean	SP2	t0.5_t0	-0.8549924738837882	0.44
norm_wmean	SP2	t1_t0.5	-1.006462406390902	0.4
norm_wmean	SP2	t2_t1	-0.7256352734789782	0.68
norm_wmean	SP2	t3_t2	-1.1776251025294897	0.56
norm_wmean	SP2	t4_t3	0.49512938547155094	0.6000000000000001
norm_wmean	SP2	t8_t4	1.8220922297721065	0.1
norm_wmean	SP3	t0.5_t0	5.178768918921331	0.02
norm_wmean	SP3	t1_t0.5	2.435315543951658	0.12
norm_wmean	SP3	t2_t1	1.6960772565983229	0.98
norm_wmean	SP3	t3_t2	0.86598534296415	1
norm_wmean	SP3	t4_t3	-2.135104863014645	0.06
norm_wmean	SP3	t8_t4	-3.9816819767044715	0.02
norm_wmean	SP4	t0.5_t0	0.9240454326732722	0.3999999999999999
norm_wmean	SP4	t1_t0.5	0.9745587922161252	0.98
norm_wmean	SP4	t2_t1	1.0852192803085288	0.3799999999999999
norm_wmean	SP4	t3_t2	-0.09165330105364496	0.28
norm_wmean	SP4	t4_t3	-1.5041475274328433	0.18
norm_wmean	SP4	t8_t4	-3.5192134502615318	0.02
norm_wmean	SPI1	t0.5_t0	2.7710523858024203	0.020000000000000018
norm_wmean	SPI1	t1_t0.5	-1.128975596764363	0.28
norm_wmean	SPI1	t2_t1	3.4754647359541244	0.08000000000000007
norm_wmean	SPI1	t3_t2	-3.9969532031160107	0.02
norm_wmean	SPI1	t4_t3	-3.80448559021085	0.02
norm_wmean	SPI1	t8_t4	-2.4868795799183308	0.1200000000000001
norm_wmean	SPIB	t0.5_t0	0.5559633595457554	0.28
norm_wmean	SPIB	t1_t0.5	-0.15085631890317447	0.17999999999999994
norm_wmean	SPIB	t2_t1	-0.4084521086263777	0.7
norm_wmean	SPIB	t3_t2	-2.482957093039849	0.02
norm_wmean	SPIB	t4_t3	1.4116870874015712	0.36
norm_wmean	SPIB	t8_t4	-0.26750244517091576	0.45999999999999996
norm_wmean	SREBF1	t0.5_t0	1.7262225696830198	0.78
norm_wmean	SREBF1	t1_t0.5	0.6814624509672955	0.8600000000000001
norm_wmean	SREBF1	t2_t1	-2.048828288538899	0.06
norm_wmean	SREBF1	t3_t2	-1.51445425786081	0.16
norm_wmean	SREBF1	t4_t3	0.7664271913774561	0.86
norm_wmean	SREBF1	t8_t4	1.2528961989079512	0.34
norm_wmean	SREBF2	t0.5_t0	1.5384550018555048	0.24
norm_wmean	SREBF2	t1_t0.5	-0.360706167673702	0.8999999999999999
norm_wmean	SREBF2	t2_t1	1.6232685181210134	0.62
norm_wmean	SREBF2	t3_t2	-0.8251193243448526	0.78
norm_wmean	SREBF2	t4_t3	0.8978813018673117	0.94
norm_wmean	SREBF2	t8_t4	-1.488670735621325	0.54
norm_wmean	SRF	t0.5_t0	14.189989009604735	0.02
norm_wmean	SRF	t1_t0.5	1.4138754148797166	0.44
norm_wmean	SRF	t2_t1	-2.059011497296881	0.04
norm_wmean	SRF	t3_t2	-1.80740145602509	0.1
norm_wmean	SRF	t4_t3	0.38382092246000765	0.28
norm_wmean	SRF	t8_t4	-10.840002020126848	0.02
norm_wmean	STAT1	t0.5_t0	6.780003328451265	0.1399999999999999
norm_wmean	STAT1	t1_t0.5	-3.324124715868854	0.02
norm_wmean	STAT1	t2_t1	1.9075298973670889	0.040000000000000036
norm_wmean	STAT1	t3_t2	-3.8494185609381253	0.02
norm_wmean	STAT1	t4_t3	-2.307270376680044	0.02
norm_wmean	STAT1	t8_t4	-3.6774873106044272	0.06000000000000005
norm_wmean	STAT2	t0.5_t0	1.157065122139907	0.1200000000000001
norm_wmean	STAT2	t1_t0.5	-3.529438025256124	0.02
norm_wmean	STAT2	t2_t1	-0.7404966931368171	0.42
norm_wmean	STAT2	t3_t2	-0.8136329303841375	0.54
norm_wmean	STAT2	t4_t3	0.6327845508870471	0.5800000000000001
norm_wmean	STAT2	t8_t4	1.9887959916341431	0.02
norm_wmean	STAT3	t0.5_t0	9.884291918288328	0.02
norm_wmean	STAT3	t1_t0.5	-1.3289465858814817	0.18
norm_wmean	STAT3	t2_t1	2.237747444802671	0.8600000000000001
norm_wmean	STAT3	t3_t2	-1.0999557282921109	0.46
norm_wmean	STAT3	t4_t3	-3.418945222821771	0.02
norm_wmean	STAT3	t8_t4	-4.522877562962652	0.02
norm_wmean	STAT4	t0.5_t0	2.718872676666056	0.02
norm_wmean	STAT4	t1_t0.5	4.2266080352541495	0.02
norm_wmean	STAT4	t2_t1	-2.6487462054526905	0.02
norm_wmean	STAT4	t3_t2	1.1196935589322201	0.52
norm_wmean	STAT4	t4_t3	-0.7395082369539281	0.98
norm_wmean	STAT4	t8_t4	-0.4924081552583985	0.6399999999999999
norm_wmean	STAT5A	t0.5_t0	3.204893877895947	0.16
norm_wmean	STAT5A	t1_t0.5	-0.5917235503025604	0.8
norm_wmean	STAT5A	t2_t1	3.007358304421031	0.38
norm_wmean	STAT5A	t3_t2	-1.425117162501143	0.2
norm_wmean	STAT5A	t4_t3	-2.265132777155269	0.02
norm_wmean	STAT5A	t8_t4	-5.73731131667287	0.02
norm_wmean	STAT5B	t0.5_t0	3.392640465054087	0.2
norm_wmean	STAT5B	t1_t0.5	1.8709254778940765	0.2
norm_wmean	STAT5B	t2_t1	2.2850586370782815	0.94
norm_wmean	STAT5B	t3_t2	0.6612881062257663	0.7
norm_wmean	STAT5B	t4_t3	-1.4076424539730403	0.3
norm_wmean	STAT5B	t8_t4	-8.182460692119768	0.02
norm_wmean	STAT6	t0.5_t0	1.1983319524077694	0.56
norm_wmean	STAT6	t1_t0.5	0.07206125560572006	0.17999999999999994
norm_wmean	STAT6	t2_t1	0.18335285122103148	0.1399999999999999
norm_wmean	STAT6	t3_t2	-0.1210156455586138	0.040000000000000036
norm_wmean	STAT6	t4_t3	-0.009003306052795097	0.06000000000000005
norm_wmean	STAT6	t8_t4	-1.3207830933686835	0.86
norm_wmean	TAL1	t0.5_t0	1.211239342239341	0.24
norm_wmean	TAL1	t1_t0.5	-0.8300440217639261	0.36
norm_wmean	TAL1	t2_t1	4.385904509326916	0.56
norm_wmean	TAL1	t3_t2	-2.751566929764327	0.02
norm_wmean	TAL1	t4_t3	-3.0586839942382174	0.02
norm_wmean	TAL1	t8_t4	-5.486313123302455	0.42
norm_wmean	TBP	t0.5_t0	6.761690791490585	0.02
norm_wmean	TBP	t1_t0.5	-0.9552737631945459	0.36
norm_wmean	TBP	t2_t1	-0.31403916205239035	0.9
norm_wmean	TBP	t3_t2	-1.5062708578572144	0.26
norm_wmean	TBP	t4_t3	-1.4617088773262348	0.26
norm_wmean	TBP	t8_t4	-2.5223418573166234	0.08
norm_wmean	TBX21	t0.5_t0	1.2088778193163516	0.08000000000000007
norm_wmean	TBX21	t1_t0.5	-0.25639084957965114	0.8600000000000001
norm_wmean	TBX21	t2_t1	-0.9714900156983877	0.28
norm_wmean	TBX21	t3_t2	-0.9238684749205697	0.42
norm_wmean	TBX21	t4_t3	1.5991697457395646	0.3
norm_wmean	TBX21	t8_t4	-0.2914828261876558	0.56
norm_wmean	TCF3	t0.5_t0	0.3657832290317763	0.6399999999999999
norm_wmean	TCF3	t1_t0.5	-1.1209702671684996	0.5
norm_wmean	TCF3	t2_t1	4.564843111205845	0.12
norm_wmean	TCF3	t3_t2	1.3891156236486473	0.48
norm_wmean	TCF3	t4_t3	0.5760825408013127	0.6000000000000001
norm_wmean	TCF3	t8_t4	-5.196228334848023	0.02
norm_wmean	TCF4	t0.5_t0	1.3373237416001738	0.6200000000000001
norm_wmean	TCF4	t1_t0.5	1.2801741305250245	0.48
norm_wmean	TCF4	t2_t1	0.7261652744605822	0.08000000000000007
norm_wmean	TCF4	t3_t2	-0.3149750504415872	0.6200000000000001
norm_wmean	TCF4	t4_t3	-2.625320879004786	0.02
norm_wmean	TCF4	t8_t4	-7.168029119695915	0.02
norm_wmean	TCF7	t0.5_t0	2.2555687543136873	0.94
norm_wmean	TCF7	t1_t0.5	0.9811290326736527	0.86
norm_wmean	TCF7	t2_t1	1.7894298029041436	0.8600000000000001
norm_wmean	TCF7	t3_t2	0.4031125487917746	0.3400000000000001
norm_wmean	TCF7	t4_t3	-1.4405023275864959	0.26
norm_wmean	TCF7	t8_t4	-3.275571047255323	0.1
norm_wmean	TCF7L1	t0.5_t0	6.294010176712966	0.02
norm_wmean	TCF7L1	t1_t0.5	2.6447431830131953	0.02
norm_wmean	TCF7L1	t2_t1	-0.048356671700674245	0.41999999999999993
norm_wmean	TCF7L1	t3_t2	-0.6882906714108433	0.94
norm_wmean	TCF7L1	t4_t3	-1.773768697035197	0.18
norm_wmean	TCF7L1	t8_t4	-5.237281822487777	0.02
norm_wmean	TCF7L2	t0.5_t0	6.123930869516899	0.02
norm_wmean	TCF7L2	t1_t0.5	1.115822697600134	0.84
norm_wmean	TCF7L2	t2_t1	0.6010648426986503	0.08000000000000007
norm_wmean	TCF7L2	t3_t2	-0.24653485919690976	0.54
norm_wmean	TCF7L2	t4_t3	-2.5860146977175344	0.02
norm_wmean	TCF7L2	t8_t4	-7.152148244373966	0.02
norm_wmean	TEAD1	t0.5_t0	1.8282912939642684	0.19999999999999996
norm_wmean	TEAD1	t1_t0.5	-0.21244232827460807	0.76
norm_wmean	TEAD1	t2_t1	4.689249980986122	0.3
norm_wmean	TEAD1	t3_t2	-0.7108842090452366	0.94
norm_wmean	TEAD1	t4_t3	-2.2092198827003395	0.04
norm_wmean	TEAD1	t8_t4	-5.513533243806964	0.02
norm_wmean	TEAD2	t0.5_t0	2.1134581206682888	0.22
norm_wmean	TEAD2	t1_t0.5	0.5994004168269532	0.96
norm_wmean	TEAD2	t2_t1	2.045601818820554	0.36
norm_wmean	TEAD2	t3_t2	1.1980073863427898	0.52
norm_wmean	TEAD2	t4_t3	0.37089656254882286	0.19999999999999996
norm_wmean	TEAD2	t8_t4	-4.202377036299955	0.02
norm_wmean	TEAD4	t0.5_t0	4.02075334398571	0.14
norm_wmean	TEAD4	t1_t0.5	-0.7839142798273654	0.52
norm_wmean	TEAD4	t2_t1	3.681669982028384	0.1
norm_wmean	TEAD4	t3_t2	0.842632971347161	0.96
norm_wmean	TEAD4	t4_t3	-0.9272662906937552	0.62
norm_wmean	TEAD4	t8_t4	-5.118283260876754	0.02
norm_wmean	TFAP2A	t0.5_t0	7.58086098832725	0.02
norm_wmean	TFAP2A	t1_t0.5	-1.9759385414155315	0.1
norm_wmean	TFAP2A	t2_t1	-0.04336743739621005	1
norm_wmean	TFAP2A	t3_t2	0.02863619253108213	0.08000000000000007
norm_wmean	TFAP2A	t4_t3	1.356468533048112	0.62
norm_wmean	TFAP2A	t8_t4	-2.856518190991584	0.12
norm_wmean	TFAP4	t0.5_t0	1.3662304262555238	0.74
norm_wmean	TFAP4	t1_t0.5	0.5219323981752639	0.45999999999999996
norm_wmean	TFAP4	t2_t1	4.2751304854516885	0.02
norm_wmean	TFAP4	t3_t2	-2.84116111687415	0.04
norm_wmean	TFAP4	t4_t3	-2.011394611741443	0.08
norm_wmean	TFAP4	t8_t4	-2.4627376175551037	0.12
norm_wmean	TFDP1	t0.5_t0	-1.4732807887669723	0.1
norm_wmean	TFDP1	t1_t0.5	-0.01408887306036249	0.1200000000000001
norm_wmean	TFDP1	t2_t1	-0.9362084801794046	0.42
norm_wmean	TFDP1	t3_t2	1.9676648178986964	0.26
norm_wmean	TFDP1	t4_t3	-1.239533881024969	0.34
norm_wmean	TFDP1	t8_t4	2.411116689046621	0.02
norm_wmean	TP53	t0.5_t0	6.170226072376425	0.06
norm_wmean	TP53	t1_t0.5	-4.175870201339602	0.02
norm_wmean	TP53	t2_t1	0.3198307333440972	0.74
norm_wmean	TP53	t3_t2	-1.6584675931879904	0.2
norm_wmean	TP53	t4_t3	0.1193193188527715	0.43999999999999995
norm_wmean	TP53	t8_t4	-3.603077672958993	0.44
norm_wmean	TP63	t0.5_t0	3.3721674435100524	0.46
norm_wmean	TP63	t1_t0.5	-1.8218954310696953	0.12
norm_wmean	TP63	t2_t1	4.35743829217614	0.04
norm_wmean	TP63	t3_t2	-7.054249299732502e-4	0.08000000000000007
norm_wmean	TP63	t4_t3	-0.6598936754949077	0.8
norm_wmean	TP63	t8_t4	-2.792610568293265	0.08
norm_wmean	TP73	t0.5_t0	1.4811659314600254	0.8
norm_wmean	TP73	t1_t0.5	-2.778001663290407	0.08
norm_wmean	TP73	t2_t1	-0.6077539915921129	0.62
norm_wmean	TP73	t3_t2	-0.3105369948976318	0.7
norm_wmean	TP73	t4_t3	2.8211717335896545	0.04
norm_wmean	TP73	t8_t4	-0.4793170732271259	0.32000000000000006
norm_wmean	TWIST1	t0.5_t0	1.9992166331756753	0.92
norm_wmean	TWIST1	t1_t0.5	-1.606719705411637	0.06
norm_wmean	TWIST1	t2_t1	0.07932526002639598	0.6200000000000001
norm_wmean	TWIST1	t3_t2	1.049448030868374	0.48
norm_wmean	TWIST1	t4_t3	2.094301433990436	0.1
norm_wmean	TWIST1	t8_t4	-2.72500903754236	0.06
norm_wmean	USF1	t0.5_t0	2.739685839318152	0.9199999999999999
norm_wmean	USF1	t1_t0.5	1.8995279068776854	0.14
norm_wmean	USF1	t2_t1	1.2910305641335167	0.56
norm_wmean	USF1	t3_t2	-1.2236004501062412	0.26
norm_wmean	USF1	t4_t3	1.0778865631593628	0.62
norm_wmean	USF1	t8_t4	-1.3888930023480999	0.74
norm_wmean	USF2	t0.5_t0	3.4552574336576867	0.44
norm_wmean	USF2	t1_t0.5	-1.5549997646970544	0.12
norm_wmean	USF2	t2_t1	1.5919370539997568	0.24
norm_wmean	USF2	t3_t2	1.0761599536249102	0.74
norm_wmean	USF2	t4_t3	0.3712860478010781	0.5
norm_wmean	USF2	t8_t4	-0.33663733339205765	0.56
norm_wmean	VDR	t0.5_t0	6.608552463524389	0.12
norm_wmean	VDR	t1_t0.5	-1.725695542474753	0.08
norm_wmean	VDR	t2_t1	3.230734758132612	0.3999999999999999
norm_wmean	VDR	t3_t2	-2.316370982211554	0.02
norm_wmean	VDR	t4_t3	-0.9669316436200869	0.42
norm_wmean	VDR	t8_t4	-2.7079838464702313	0.92
norm_wmean	WT1	t0.5_t0	3.2817024613745587	0.02
norm_wmean	WT1	t1_t0.5	-0.5750070203969393	0.8600000000000001
norm_wmean	WT1	t2_t1	-1.5602077386558506	0.26
norm_wmean	WT1	t3_t2	-2.6967309995883397	0.02
norm_wmean	WT1	t4_t3	-0.0947893522402028	0.15999999999999992
norm_wmean	WT1	t8_t4	-0.5979828996660855	0.8600000000000001
norm_wmean	XBP1	t0.5_t0	-0.44824630701290186	0.8
norm_wmean	XBP1	t1_t0.5	-0.33252190705150386	0.6399999999999999
norm_wmean	XBP1	t2_t1	0.1495069419849993	0.52
norm_wmean	XBP1	t3_t2	-1.7259863929317605	0.1
norm_wmean	XBP1	t4_t3	-1.3651407058490248	0.28
norm_wmean	XBP1	t8_t4	3.6605809714962536	0.02
norm_wmean	YBX1	t0.5_t0	1.1454357574294536	0.24
norm_wmean	YBX1	t1_t0.5	-0.9327597687759358	0.7
norm_wmean	YBX1	t2_t1	-0.945134170546949	0.9
norm_wmean	YBX1	t3_t2	-1.469339092794777	0.22
norm_wmean	YBX1	t4_t3	0.8859988005728817	0.9
norm_wmean	YBX1	t8_t4	0.10450228968781551	0.020000000000000018
norm_wmean	YY1	t0.5_t0	0.6134441087762758	0.76
norm_wmean	YY1	t1_t0.5	0.5025354150902156	0.8200000000000001
norm_wmean	YY1	t2_t1	0.4645788252477571	0.06000000000000005
norm_wmean	YY1	t3_t2	0.6817257062980285	0.94
norm_wmean	YY1	t4_t3	-1.759446119132624	0.12
norm_wmean	YY1	t8_t4	0.16004055695090538	0.3799999999999999
norm_wmean	ZBTB33	t0.5_t0	-2.770259411710158	0.02
norm_wmean	ZBTB33	t1_t0.5	0.5292718176070703	0.3799999999999999
norm_wmean	ZBTB33	t2_t1	-0.7165162977192556	0.56
norm_wmean	ZBTB33	t3_t2	0.15448662148903267	0.10000000000000009
norm_wmean	ZBTB33	t4_t3	-1.890681699623845	0.06
norm_wmean	ZBTB33	t8_t4	1.1458677397130324	0.28
norm_wmean	ZEB1	t0.5_t0	2.9433345931651567	0.86
norm_wmean	ZEB1	t1_t0.5	0.3510974690799218	0.040000000000000036
norm_wmean	ZEB1	t2_t1	3.0006967441719268	0.34
norm_wmean	ZEB1	t3_t2	-0.05381415368527712	0.5800000000000001
norm_wmean	ZEB1	t4_t3	-1.0506230811131436	0.58
norm_wmean	ZEB1	t8_t4	-5.104208566533208	0.02
norm_wmean	ZEB2	t0.5_t0	1.339710403169719	0.3999999999999999
norm_wmean	ZEB2	t1_t0.5	1.7359315494540044	0.28
norm_wmean	ZEB2	t2_t1	0.06580398428789976	0.76
norm_wmean	ZEB2	t3_t2	-4.37505871854454	0.02
norm_wmean	ZEB2	t4_t3	-1.3373631524753034	0.32
norm_wmean	ZEB2	t8_t4	-0.7318173116234953	0.5
norm_wmean	ZHX1	t0.5_t0	-0.5375866014784598	0.76
norm_wmean	ZHX1	t1_t0.5	-0.6234353715112302	0.82
norm_wmean	ZHX1	t2_t1	-0.669800768903668	0.6
norm_wmean	ZHX1	t3_t2	-1.0003923085937576	0.42
norm_wmean	ZHX1	t4_t3	-2.2125897139359503	0.04
norm_wmean	ZHX1	t8_t4	0.5303463430055304	0.84
norm_wmean	ZNF274	t0.5_t0	1.9716988340475985	0.74
norm_wmean	ZNF274	t1_t0.5	1.2468547340012865	0.38
norm_wmean	ZNF274	t2_t1	-2.067628973777616	0.04
norm_wmean	ZNF274	t3_t2	0.3792655972086946	0.54
norm_wmean	ZNF274	t4_t3	0.3794482862661416	0.45999999999999996
norm_wmean	ZNF274	t8_t4	-0.4188745135108855	0.020000000000000018
