nodes,0
SRC,32.0
_s,32.0
AKT2,32.0
EGFR,32.0
_t,32.0
MAPK14,32.0
CDK2,31.0
MAPK1,31.0
MAPK3,31.0
EP300,30.0
GSK3B,30.0
ITGB4,30.0
AKT1,29.0
CSNK2A1,28.0
CSK,28.0
SMAD3,28.0
JUN,28.0
CREBBP,27.0
RELA,27.0
TP53,27.0
EGR1,27.0
ABL1,26.0
STAT1,26.0
IRF3,26.0
STAT3,26.0
RET,26.0
MAX,25.0
AR,24.0
PRKACA,24.0
PPP2CA,24.0
AKT3,24.0
RB1,23.0
FOXO1,23.0
SOX2,23.0
FOXA1,23.0
YAP1,22.0
ARNT,22.0
VEGFA,22.0
ESR1,22.0
MNT,21.0
CEBPB,21.0
CBL,21.0
RUNX1,21.0
HSF1,21.0
MDM2,21.0
CTNNB1,20.0
SREBF2,19.0
UBE2I,19.0
HIF1A,19.0
MAPK8,19.0
NR4A1,18.0
SMAD4,18.0
SREBF1,18.0
KLF4,18.0
E2F1,18.0
MAZ,17.0
RARA,17.0
PKIA,17.0
ATR,17.0
LYN,16.0
ATF4,16.0
EIF2S1,16.0
SRF,16.0
GATA2,16.0
FOXL2,16.0
TGFBR2,16.0
ETS1,16.0
CTCF,16.0
ZEB1,15.0
EGLN1,15.0
EPAS1,15.0
CEBPA,15.0
KMT2A,15.0
TCF3,15.0
E2F4,14.0
ARNTL,14.0
KDR,14.0
TAL1,14.0
PPARG,14.0
FOXM1,14.0
TEAD1,14.0
HNF4A,14.0
PTPRC,14.0
NCOA2,14.0
GATA3,14.0
NR2C2,13.0
NCOA1,13.0
MYOD1,13.0
HSP90AB1,13.0
MYC,13.0
MEF2A,12.0
GRB14,12.0
TAB1,12.0
PRKCZ,12.0
MET,12.0
RHOA,12.0
FLT1,12.0
NR2F2,12.0
SP1,11.0
IRF4,11.0
KIT,11.0
ROCK2,11.0
SPI1,11.0
RFX5,11.0
PRKCD,11.0
SMARCA4,11.0
FOXA2,11.0
POU2F1,11.0
STK11,11.0
IKBKE,11.0
REL,11.0
GABPA,11.0
NFE2L2,11.0
IRF1,11.0
DDX58,11.0
PRKDC,11.0
CIITA,11.0
PIK3CA,11.0
MAP3K7,10.0
FLT3,10.0
JUNB,10.0
MAPK9,10.0
SUMO1,10.0
LCK,10.0
BHLHE40,10.0
FLT4,10.0
PDGFRB,10.0
MAP2K7,10.0
KLF5,10.0
BRCA1,10.0
EIF2B1,10.0
RELB,10.0
RUNX2,10.0
STAT2,10.0
CHUK,10.0
PDGFRA,10.0
FYN,10.0
SMAD2,10.0
ETS2,10.0
KAT2B,9.0
NFYA,9.0
KLF13,9.0
TCF4,9.0
NR3C1,9.0
HDAC1,9.0
ZHX1,9.0
TP73,9.0
GATA6,9.0
NR2F1,9.0
IRF9,9.0
NCOA3,9.0
E2F3,9.0
IRF2,9.0
PGR,9.0
FOXK2,8.0
PARD6A,8.0
E2F2,8.0
FOS,8.0
BLK,8.0
ELK1,8.0
NFKB1,8.0
STAT5A,8.0
SMURF1,8.0
MXI1,8.0
ATF3,8.0
SMAD5,8.0
SP3,8.0
CDK1,8.0
BCL6,8.0
KLF1,8.0
IL3,8.0
FOSL1,7.0
CRY1,7.0
PTGS2,7.0
HOXA9,7.0
STAT5B,7.0
CLOCK,7.0
MYBL2,7.0
ETV4,7.0
NPM1,7.0
ZNF274,7.0
HMGB1,7.0
HOXD9,7.0
MEIS1,7.0
PRKAA1,7.0
G3BP1,7.0
TWIST1,7.0
NGFR,7.0
NR1H2,7.0
SOX6,6.0
POU4F3,6.0
NFATC1,6.0
ELF3,6.0
FGR,6.0
MEF2B,6.0
PAK1,6.0
ATOH1,6.0
GATA1,6.0
AURKA,6.0
RPS6KB1,6.0
PROX1,6.0
PAX6,6.0
HBP1,6.0
ATF7,6.0
EIF2AK2,6.0
PARP1,6.0
CDX2,6.0
TCF7L2,6.0
KDM5B,6.0
RXRA,6.0
FGFR1,6.0
CREM,6.0
NTF3,6.0
NRF1,6.0
MITF,6.0
TEAD4,5.0
FGFR2,5.0
GSK3A,5.0
TCF7,5.0
SATB1,5.0
ELF1,5.0
TBX21,5.0
TFDP1,5.0
NFKB2,5.0
TEAD2,5.0
NEUROD1,5.0
CASP6,5.0
NR1H3,5.0
PRDM1,5.0
ATF6,5.0
ERBB2,5.0
AXIN1,5.0
CTNND1,5.0
ZBTB33,5.0
BCR,5.0
NFE2L1,4.0
CRK,4.0
HIC1,4.0
NPAT,4.0
SPIB,4.0
AHR,4.0
MED1,4.0
MAFK,4.0
HHEX,4.0
CREB1,4.0
E2F5,4.0
HINFP,4.0
POU5F1,4.0
GLI2,4.0
SOX9,4.0
ATF2,4.0
MAPK11,4.0
CUX1,4.0
CCNE1,4.0
CDK5,4.0
ZEB2,4.0
ESRRA,4.0
SHC1,4.0
CHEK2,4.0
HSP90AA1,4.0
YY1,4.0
MAP2K1,4.0
NR2F6,4.0
TEK,4.0
PPARGC1A,4.0
CSF1R,4.0
PTK2,3.0
FOXO3,3.0
TAB2,3.0
FOSL2,3.0
JAK2,3.0
XIAP,3.0
RAF1,3.0
NFIB,3.0
SNAI1,3.0
ETV1,3.0
NFIC,3.0
STAT4,3.0
WT1,3.0
RBPJ,3.0
FOXO4,3.0
IKZF1,3.0
FGFR4,3.0
SIRT1,3.0
TP63,3.0
KEAP1,3.0
RPS6KA4,3.0
TBP,3.0
NOLC1,3.0
FLI1,3.0
MST1R,3.0
SMAD1,3.0
BECN1,3.0
HDAC6,3.0
TFAP2A,3.0
NR5A2,3.0
CDK4,2.0
ELK4,2.0
CASP1,2.0
ASCL1,2.0
ATF1,2.0
LEF1,2.0
PTPN1,2.0
MEF2C,2.0
PPP2R5C,2.0
PPARA,2.0
PIAS1,2.0
DTX1,2.0
ITCH,2.0
ARID3A,2.0
MAF,2.0
ESR2,2.0
OTX2,2.0
FGFR3,2.0
JUND,2.0
_meas_TIVANTINIB,1.0
_pert_FORETINIB,1.0
_pert_LAPATINIB,1.0
_meas_KW2449,1.0
_pert_KW2449,1.0
_meas_IMATINIB,1.0
_pert_IMATINIB,1.0
_meas_ICOTINIB,1.0
_pert_ICOTINIB,1.0
_meas_GEFITINIB,1.0
_pert_GEFITINIB,1.0
_meas_FORETINIB,1.0
_meas_DOVITINIB,1.0
_pert_DOVITINIB,1.0
_meas_DASATINIB,1.0
_pert_DASATINIB,1.0
_meas_DACOMITINIB,1.0
_pert_DACOMITINIB,1.0
_meas_CRIZOTINIB,1.0
_pert_CRIZOTINIB,1.0
_meas_CRENOLANIB,1.0
_pert_CRENOLANIB,1.0
_meas_CEDIRANIB,1.0
_pert_CEDIRANIB,1.0
_meas_CABOZANTINIB,1.0
_pert_VARLITINIB,1.0
_meas_LAPATINIB,1.0
_pert_TIVANTINIB,1.0
_meas_OSIMERTINIB,1.0
_meas_SUNITINIB,1.0
_pert_SUNITINIB,1.0
_meas_SORAFENIB,1.0
_pert_SORAFENIB,1.0
_pert_VANDETANIB,1.0
_meas_REGORAFENIB,1.0
_pert_REGORAFENIB,1.0
_meas_QUIZARTINIB,1.0
_pert_QUIZARTINIB,1.0
_meas_PONATINIB,1.0
_pert_PONATINIB,1.0
_pert_OSIMERTINIB,1.0
_pert_LINIFANIB,1.0
_meas_NILOTINIB,1.0
_meas_VANDETANIB,1.0
_pert_NILOTINIB,1.0
_meas_NERATINIB,1.0
_pert_NERATINIB,1.0
_meas_MK2206,1.0
_pert_MK2206,1.0
_pert_CABOZANTINIB,1.0
_meas_MGCD265,1.0
_pert_MGCD265,1.0
_meas_LINIFANIB,1.0
PRKACB,1.0
_pert_BOSUTINIB,1.0
_meas_AEE788,1.0
ERBB4,1.0
_meas_BOSUTINIB,1.0
_pert_AEE788,1.0
FRK,1.0
RUNX3,1.0
NFYB,1.0
VDR,1.0
USF1,1.0
PEA15,1.0
PRKAR1A,1.0
_meas_AFATINIB,1.0
AXL,1.0
ROCK1,1.0
ALK,1.0
EPHA2,1.0
XBP1,1.0
ABL2,1.0
HCK,1.0
BRAF,1.0
_pert_AFATINIB,1.0
_meas_VARLITINIB,1.0
_pert_BAFETINIB,1.0
_meas_BAFETINIB,1.0
_meas_AZD5363,1.0
_pert_AZD5363,1.0
BACH1,0.0
ETV6,0.0
HDAC2,0.0
SP2,0.0
CCND1,0.0
MYCN,0.0
NGF,0.0
MEIS2,0.0
IRAK1,0.0
CAMK2A,0.0
YES1,0.0
FANCC,0.0
POU4F2,0.0
PBX3,0.0
REST,0.0
HNF1B,0.0
KLF6,0.0
EGF,0.0
PLG,0.0
EBF1,0.0
RFX1,0.0
SP4,0.0
PAX5,0.0
ERG,0.0
E2F7,0.0
LYL1,0.0
TFAP4,0.0
MBD1,0.0
ONECUT1,0.0
MAFG,0.0
E2F6,0.0
RBL2,0.0
PTEN,0.0
PKNOX1,0.0
GFI1B,0.0
AURKB,0.0
POU2F2,0.0
MMP9,0.0
USF2,0.0
