nodes,0
GSK3B,32.0
_t,32.0
AKT1,32.0
MAPK1,32.0
_s,32.0
SRC,32.0
AKT2,32.0
MAPK3,32.0
EGFR,31.0
PRKACA,31.0
SMAD3,30.0
MAPK14,30.0
RET,30.0
CSNK2A1,30.0
CDK2,29.0
TP53,29.0
CREBBP,28.0
EP300,28.0
STAT1,27.0
MAPK8,27.0
RELA,27.0
CHUK,27.0
ITGB4,26.0
ESR1,26.0
MYC,26.0
CSF1,25.0
SOCS1,25.0
CDK1,24.0
AR,24.0
PPARG,24.0
MAX,24.0
PPP2CA,23.0
JUN,23.0
IRF3,22.0
FOXA1,22.0
KIT,22.0
FYN,22.0
EGR1,22.0
ARNT,22.0
PRKCZ,21.0
ABL1,21.0
PIK3R1,21.0
TCF3,21.0
DDX58,21.0
YAP1,21.0
NR3C1,21.0
TBK1,21.0
CSK,21.0
CDK4,20.0
MNT,20.0
SOX2,19.0
SREBF2,19.0
ERBB2,19.0
HSF1,19.0
RUNX1,19.0
UBE2I,19.0
RB1,19.0
KAT2B,19.0
E2F1,18.0
HIF1A,18.0
PRKCA,18.0
SREBF1,18.0
FLT1,18.0
EGLN1,17.0
FOS,17.0
MAZ,17.0
SRF,16.0
SP1,16.0
ATF4,16.0
CTNNB1,16.0
CEBPA,16.0
CTCF,16.0
GATA2,16.0
NCOA1,16.0
GATA1,16.0
FOXL2,16.0
NRF1,15.0
ZEB1,15.0
NR2F2,15.0
RXRA,15.0
ETS1,15.0
BHLHE40,15.0
KDR,15.0
FOXM1,14.0
TEAD1,14.0
RARA,14.0
PDGFRA,14.0
FLT3,14.0
NCOA2,14.0
E2F3,14.0
PRKAA1,14.0
GATA3,14.0
STAT3,14.0
HNF4A,14.0
EPAS1,14.0
STK11,13.0
TAL1,13.0
PDGFRB,13.0
MYOD1,13.0
ELK1,13.0
TGFA,13.0
E2F4,13.0
MET,13.0
ATF2,13.0
RACK1,12.0
MEF2A,12.0
CIITA,12.0
LYN,12.0
REL,11.0
FGF8,11.0
SMARCA4,11.0
FOXA2,11.0
POU2F1,11.0
ARNTL,11.0
RFX5,11.0
IRF1,11.0
HDAC1,11.0
RHOA,11.0
SPI1,11.0
NFE2L2,11.0
IRF4,11.0
GABPA,11.0
LCK,11.0
ROCK2,11.0
SUMO1,11.0
SHC1,11.0
RUNX2,10.0
SMAD2,10.0
IFIH1,10.0
RELB,10.0
KLF5,10.0
JUNB,10.0
STAT2,10.0
RAF1,10.0
EIF2S1,10.0
IRF2,9.0
FLT4,9.0
ZHX1,9.0
NR2F1,9.0
TCF4,9.0
NCOA3,9.0
SMAD4,9.0
IRF9,9.0
ATF3,9.0
IKBKG,9.0
NFYA,9.0
KLF13,9.0
GATA6,9.0
CDKN2A,9.0
GSK3A,9.0
NR4A1,9.0
PGR,9.0
CDX2,8.0
NFKB1,8.0
ESR2,8.0
SMAD5,8.0
KLF1,8.0
FOXK2,8.0
FGFR1,8.0
SP3,8.0
E2F2,8.0
CAMKK1,7.0
CLOCK,7.0
CDK5,7.0
PRKAR1A,7.0
AXL,7.0
NGFR,7.0
NR1H2,7.0
PRKACB,7.0
HOXA9,7.0
STAT5B,7.0
CCND1,7.0
FOXO1,7.0
PAX6,7.0
ZNF274,7.0
ETS2,7.0
NR2C2,7.0
EZH2,7.0
ATR,7.0
KMT2A,7.0
HMGB1,7.0
FOSL1,7.0
ETV4,7.0
BCL6,7.0
MEIS1,7.0
HOXD9,7.0
MXI1,7.0
TWIST1,7.0
NFATC1,6.0
RBL2,6.0
NOTCH1,6.0
TCF7L2,6.0
PARP1,6.0
MITF,6.0
MAPK11,6.0
ATF7,6.0
MEF2B,6.0
HBP1,6.0
MYBL2,6.0
ABL2,6.0
PAK1,6.0
RPS6KA3,6.0
ELF3,6.0
CEBPB,6.0
PROX1,6.0
RPS6KB1,6.0
CREM,6.0
SOX6,6.0
KDM5B,6.0
TBX21,5.0
CASP6,5.0
GRB2,5.0
ELF1,5.0
TCF7,5.0
NEUROD1,5.0
TEAD2,5.0
KLF4,5.0
SATB1,5.0
PRDM1,5.0
ZBTB33,5.0
CTNND1,5.0
NR1H3,5.0
PTPRA,5.0
NFKB2,5.0
SPIB,5.0
TEAD4,5.0
PPP1CA,5.0
HINFP,4.0
BLK,4.0
MAFK,4.0
DDIT3,4.0
ATF6,4.0
HHEX,4.0
POU5F1,4.0
YY1,4.0
SOX9,4.0
E2F5,4.0
GLI2,4.0
TEK,4.0
PPARGC1A,4.0
ESRRA,4.0
MAPKAPK2,4.0
ERBB4,4.0
TRAF6,4.0
MST1R,4.0
CUX1,4.0
FGFR3,4.0
CSF1R,4.0
AHR,4.0
MAF,4.0
SKI,4.0
HSP90AA1,4.0
NPAT,4.0
BAG2,4.0
IRAK1,4.0
CREB1,4.0
NR2F6,4.0
STUB1,4.0
HIC1,4.0
ZEB2,4.0
AKT3,3.0
IKZF1,3.0
STAT5A,3.0
BIRC3,3.0
NFIC,3.0
WT1,3.0
TP63,3.0
FOXO4,3.0
RBPJ,3.0
FOSL2,3.0
RIPK2,3.0
NR5A2,3.0
FLI1,3.0
MDM2,3.0
TFAP2A,3.0
SIRT1,3.0
TAB2,3.0
TBP,3.0
MEF2C,3.0
ETV1,3.0
RPS6KA2,3.0
CSNK2B,3.0
SMAD1,3.0
STAT4,3.0
JAK2,3.0
BECN1,3.0
FOXO3,3.0
NFIB,3.0
MYOCD,3.0
SNAI1,3.0
FGFR2,2.0
LEF1,2.0
PRKCD,2.0
PTEN,2.0
JUND,2.0
RPS6KA4,2.0
ATF1,2.0
FGFR4,2.0
NFYB,2.0
OTX2,2.0
ITCH,2.0
TP73,2.0
TFDP1,2.0
PIAS1,2.0
DTX1,2.0
ASCL1,2.0
ARID3A,2.0
PPARA,2.0
ELK4,2.0
_meas_CEDIRANIB,1.0
_pert_VARLITINIB,1.0
_meas_CABOZANTINIB,1.0
_pert_LAPATINIB,1.0
_meas_KW2449,1.0
_pert_KW2449,1.0
_meas_IMATINIB,1.0
_pert_IMATINIB,1.0
_meas_ICOTINIB,1.0
_pert_CEDIRANIB,1.0
_pert_ICOTINIB,1.0
_meas_GEFITINIB,1.0
_pert_CRIZOTINIB,1.0
_meas_CRIZOTINIB,1.0
_pert_CRENOLANIB,1.0
_meas_FORETINIB,1.0
_meas_CRENOLANIB,1.0
_pert_FORETINIB,1.0
_meas_DOVITINIB,1.0
_pert_DOVITINIB,1.0
_meas_DASATINIB,1.0
_pert_DASATINIB,1.0
_meas_DACOMITINIB,1.0
_pert_DACOMITINIB,1.0
_pert_GEFITINIB,1.0
_pert_VANDETANIB,1.0
_meas_VANDETANIB,1.0
_meas_LAPATINIB,1.0
_meas_MK2206,1.0
_pert_NERATINIB,1.0
_meas_NERATINIB,1.0
_pert_NILOTINIB,1.0
_meas_NILOTINIB,1.0
_pert_OSIMERTINIB,1.0
_meas_OSIMERTINIB,1.0
_pert_MK2206,1.0
_pert_PONATINIB,1.0
_meas_PONATINIB,1.0
_pert_QUIZARTINIB,1.0
_meas_MGCD265,1.0
_meas_QUIZARTINIB,1.0
_pert_MGCD265,1.0
_pert_REGORAFENIB,1.0
_meas_REGORAFENIB,1.0
_meas_LINIFANIB,1.0
_pert_SORAFENIB,1.0
_meas_SORAFENIB,1.0
_pert_SUNITINIB,1.0
_meas_SUNITINIB,1.0
_pert_LINIFANIB,1.0
_pert_TIVANTINIB,1.0
_meas_TIVANTINIB,1.0
_meas_BOSUTINIB,1.0
_pert_CABOZANTINIB,1.0
AURKB,1.0
_meas_VARLITINIB,1.0
_pert_AZD5363,1.0
FRK,1.0
ATM,1.0
_pert_AEE788,1.0
_meas_AEE788,1.0
_pert_BOSUTINIB,1.0
XBP1,1.0
MAP2K4,1.0
RUNX3,1.0
VDR,1.0
_pert_AFATINIB,1.0
_meas_AFATINIB,1.0
YES1,1.0
USF1,1.0
ROCK1,1.0
FGR,1.0
EPHA2,1.0
AURKA,1.0
ALK,1.0
_pert_BAFETINIB,1.0
_meas_BAFETINIB,1.0
_meas_AZD5363,1.0
MAPK9,1.0
NFE2L1,1.0
HSP90AB1,0.0
MAP2K1,0.0
TET2,0.0
PRKAR2B,0.0
RAC1,0.0
HCK,0.0
NOD2,0.0
BCR,0.0
NOD1,0.0
TRAF3,0.0
EGLN2,0.0
BRAF,0.0
CDKN1B,0.0
USF2,0.0
CASP1,0.0
PKNOX1,0.0
KLF6,0.0
HNF1B,0.0
REST,0.0
PBX3,0.0
POU4F2,0.0
MYCN,0.0
SP2,0.0
ETV6,0.0
BACH1,0.0
EBF1,0.0
POU2F2,0.0
GFI1B,0.0
E2F6,0.0
MAFG,0.0
PAX5,0.0
SP4,0.0
MEIS2,0.0
RFX1,0.0
ERG,0.0
E2F7,0.0
TFAP4,0.0
LYL1,0.0
MBD1,0.0
ONECUT1,0.0
