nodes,0
AKT1,32.0
_s,32.0
SRC,32.0
MAPK3,32.0
MAPK1,32.0
_t,32.0
PRKCZ,31.0
PPP2CA,31.0
GSK3B,31.0
AKT2,30.0
MAPK14,30.0
EGR1,30.0
TP53,29.0
RELA,29.0
CDK2,29.0
E2F1,28.0
STAT1,28.0
SMAD2,28.0
EP300,28.0
ESR1,27.0
PIK3CA,27.0
PRKACA,27.0
SMAD3,27.0
CREBBP,26.0
PRKAA1,26.0
AREG,26.0
PDGFB,25.0
ITGB4,25.0
JUN,25.0
STAT3,25.0
EGFR,25.0
MAX,25.0
RET,25.0
MAPK8,25.0
SMAD4,23.0
CSK,23.0
ARNT,23.0
FOXA1,23.0
PDGFRA,23.0
IRF3,22.0
YAP1,22.0
AR,22.0
STK11,21.0
MNT,21.0
ABL1,21.0
PRKCA,21.0
HIF1A,21.0
RB1,20.0
NCOA1,20.0
NR2C2,20.0
MAP2K1,20.0
E2F4,20.0
SREBF2,19.0
UBE2I,19.0
CDK1,19.0
KDR,19.0
MYC,19.0
SOX2,19.0
FOXM1,19.0
BRCA1,19.0
SREBF1,18.0
GRB10,18.0
LYN,18.0
HSF1,17.0
RPS6KA1,17.0
MAZ,17.0
CSNK2A1,17.0
KHDRBS1,16.0
FOXL2,16.0
PDGFRB,16.0
SRF,16.0
GATA2,16.0
CTCF,16.0
NR4A1,16.0
RPS6KA2,16.0
RARA,16.0
ATF4,16.0
VEGFA,16.0
ETS1,16.0
ZEB1,15.0
TCF3,15.0
BRAF,15.0
EPAS1,15.0
NR2F2,15.0
GATA3,14.0
PPARG,14.0
TEAD1,14.0
MYOD1,14.0
PIK3R1,14.0
NFKB2,14.0
HNF4A,14.0
TAL1,14.0
NCOA2,14.0
FLT1,13.0
RUNX1,13.0
KAT2B,13.0
ATF2,13.0
CSF1,12.0
EGLN1,12.0
SOCS1,12.0
SMARCA4,12.0
MEF2A,12.0
PGR,12.0
CIITA,12.0
CEBPA,12.0
RHOA,11.0
NFE2L2,11.0
FOXA2,11.0
VCP,11.0
IRF4,11.0
ROCK2,11.0
POU2F1,11.0
KIT,11.0
ERBB4,11.0
BHLHE40,11.0
SPHK2,11.0
IKBKE,11.0
RFX5,11.0
GABPA,11.0
REL,11.0
IRF1,11.0
SP1,11.0
SPI1,11.0
HDAC1,11.0
FLT3,11.0
TRAF3,11.0
ARNTL,11.0
DDX58,11.0
FGFR3,10.0
STAT2,10.0
RELB,10.0
FAS,10.0
BCL3,10.0
MDM2,10.0
NFYA,10.0
RUNX2,10.0
AXL,10.0
MAP2K7,10.0
KLF5,10.0
MAP3K5,10.0
NR3C1,10.0
STAT5A,10.0
JUNB,10.0
MAPK9,10.0
ETS2,9.0
KLF13,9.0
SIRT1,9.0
NCOA3,9.0
IRF2,9.0
GATA6,9.0
MED1,9.0
AURKA,9.0
MUC1,9.0
IRF9,9.0
ZHX1,9.0
MET,9.0
ERBB2,9.0
ATF3,9.0
PIN1,9.0
TCF4,9.0
E2F3,9.0
FLT4,9.0
SP3,8.0
RPS6KB1,8.0
CDX2,8.0
KLF1,8.0
SMAD5,8.0
JAK2,8.0
FGFR1,8.0
SUMO1,8.0
E2F2,8.0
ELK1,8.0
CRY1,8.0
FOS,8.0
FOXK2,8.0
FYN,8.0
MXI1,8.0
NR2F1,8.0
NFKB1,8.0
ATM,7.0
CDK5,7.0
FOXO1,7.0
NCOR2,7.0
TRAF6,7.0
CLOCK,7.0
PPP1R9B,7.0
HOXA9,7.0
BECN1,7.0
MYBL2,7.0
PPP1CC,7.0
BCL6,7.0
PAX6,7.0
NPM1,7.0
NR1H2,7.0
CREB1,7.0
STAT5B,7.0
ZNF274,7.0
NGFR,7.0
ETV4,7.0
RAF1,7.0
MEIS1,7.0
HOXD9,7.0
FOSL1,7.0
TWIST1,7.0
HMGB1,7.0
KMT2A,7.0
PRKACB,7.0
ATR,7.0
NFATC1,6.0
MEF2B,6.0
NRF1,6.0
TCF7L2,6.0
PROX1,6.0
MITF,6.0
RXRA,6.0
SOX6,6.0
KDM5B,6.0
PARP1,6.0
AURKB,6.0
CASP9,6.0
ATF7,6.0
CASP6,6.0
PSEN1,6.0
GATA1,6.0
CREM,6.0
CTNND1,6.0
PAK1,6.0
ELF3,6.0
HBP1,6.0
ATF6,5.0
ELF1,5.0
SPIB,5.0
TEAD2,5.0
PRDM1,5.0
PRKAR2B,5.0
NPAT,5.0
ZBTB33,5.0
HINFP,5.0
SATB1,5.0
TBX21,5.0
NEUROD1,5.0
TFDP1,5.0
TEAD4,5.0
TCF7,5.0
NR1H3,5.0
TEK,5.0
ESR2,5.0
CEBPB,5.0
KLF4,5.0
AHR,4.0
YY1,4.0
POU5F1,4.0
PPARGC1A,4.0
SOX9,4.0
INHBA,4.0
ESRRA,4.0
BCR,4.0
ACVR2B,4.0
CSF1R,4.0
LCK,4.0
BMPR1B,4.0
HHEX,4.0
HIC1,4.0
TGFB1I1,4.0
ZEB2,4.0
GLI2,4.0
CDK9,4.0
TP73,4.0
MAFK,4.0
FGFR2,4.0
E2F5,4.0
AKT3,4.0
FST,4.0
MST1R,4.0
NR5A2,3.0
RAC1,3.0
SNAI1,3.0
FLI1,3.0
PIAS1,3.0
MAF,3.0
ETV1,3.0
CAMK2A,3.0
TFAP2A,3.0
CDK4,3.0
NR2F6,3.0
RBPJ,3.0
SMAD1,3.0
NFE2L1,3.0
TBP,3.0
NFIB,3.0
MAPK11,3.0
BLK,3.0
MEF2C,3.0
FOXO3,3.0
IKZF1,3.0
NOTCH1,3.0
CSNK2B,3.0
WT1,3.0
NFIC,3.0
STAT4,3.0
LATS2,3.0
FOSL2,3.0
FOXO4,3.0
EGLN2,3.0
CUX1,3.0
TP63,3.0
ELK4,2.0
ARID3A,2.0
STK36,2.0
HIPK2,2.0
LEF1,2.0
PRKAR1A,2.0
NOTCH2,2.0
DTX1,2.0
PPARA,2.0
SUFU,2.0
HCK,2.0
DUSP5,2.0
ATF1,2.0
HSPA5,2.0
JUND,2.0
FBXW7,2.0
UVRAG,2.0
CASP3,2.0
ASCL1,2.0
OTX2,2.0
RPS6KA4,2.0
NFYB,2.0
_meas_DASATINIB,1.0
_meas_DOVITINIB,1.0
ALK,1.0
_pert_DOVITINIB,1.0
_meas_VARLITINIB,1.0
_pert_DASATINIB,1.0
_meas_DACOMITINIB,1.0
_meas_BAFETINIB,1.0
_pert_BAFETINIB,1.0
_pert_CABOZANTINIB,1.0
_meas_CABOZANTINIB,1.0
_meas_AZD5363,1.0
_pert_AZD5363,1.0
_pert_CEDIRANIB,1.0
_meas_CEDIRANIB,1.0
_meas_AFATINIB,1.0
_pert_AFATINIB,1.0
_pert_CRENOLANIB,1.0
_meas_CRENOLANIB,1.0
_meas_AEE788,1.0
_pert_AEE788,1.0
_pert_CRIZOTINIB,1.0
_meas_CRIZOTINIB,1.0
RUNX3,1.0
_pert_DACOMITINIB,1.0
XBP1,1.0
_pert_FORETINIB,1.0
_meas_LINIFANIB,1.0
_meas_FORETINIB,1.0
ROCK1,1.0
SPAG9,1.0
CDH2,1.0
_pert_NILOTINIB,1.0
_meas_NILOTINIB,1.0
_pert_OSIMERTINIB,1.0
_meas_OSIMERTINIB,1.0
_pert_PONATINIB,1.0
_meas_PONATINIB,1.0
_pert_QUIZARTINIB,1.0
_meas_QUIZARTINIB,1.0
_pert_REGORAFENIB,1.0
_meas_REGORAFENIB,1.0
_pert_NERATINIB,1.0
_pert_SORAFENIB,1.0
_meas_SORAFENIB,1.0
_pert_SUNITINIB,1.0
_meas_SUNITINIB,1.0
_pert_TIVANTINIB,1.0
_meas_TIVANTINIB,1.0
_pert_VANDETANIB,1.0
VDR,1.0
EPHA2,1.0
_meas_VANDETANIB,1.0
_pert_VARLITINIB,1.0
CDON,1.0
_meas_NERATINIB,1.0
_meas_MK2206,1.0
USF1,1.0
_pert_GEFITINIB,1.0
FGFR4,1.0
_meas_GEFITINIB,1.0
_pert_ICOTINIB,1.0
FGR,1.0
SNCA,1.0
FRK,1.0
_meas_ICOTINIB,1.0
_pert_IMATINIB,1.0
_pert_MK2206,1.0
_meas_BOSUTINIB,1.0
_pert_LINIFANIB,1.0
_meas_IMATINIB,1.0
_pert_KW2449,1.0
_meas_KW2449,1.0
_meas_MGCD265,1.0
_pert_LAPATINIB,1.0
_meas_LAPATINIB,1.0
_pert_MGCD265,1.0
_pert_BOSUTINIB,1.0
BACH1,0.0
USF2,0.0
MEIS2,0.0
REST,0.0
PKNOX1,0.0
HNF1B,0.0
MAFG,0.0
MYCN,0.0
TFAP4,0.0
ETV6,0.0
SP2,0.0
PRMT5,0.0
KLF6,0.0
HSP90AA1,0.0
PRKCD,0.0
ATG3,0.0
GABARAPL2,0.0
GSTP1,0.0
CDKN2A,0.0
TRAF2,0.0
CTNNB1,0.0
RECQL4,0.0
PTPN1,0.0
LIFR,0.0
MYB,0.0
CASP7,0.0
HDAC2,0.0
DAB1,0.0
SFN,0.0
EGF,0.0
IRF5,0.0
IL12A,0.0
IL12RB2,0.0
MPO,0.0
VAV2,0.0
YES1,0.0
APOE,0.0
APOA1,0.0
ITGB5,0.0
ELANE,0.0
TRPV4,0.0
TRPC1,0.0
CBL,0.0
ARHGEF2,0.0
TP53INP1,0.0
MAP1LC3A,0.0
PBX3,0.0
F2,0.0
POU4F2,0.0
EBF1,0.0
POU2F2,0.0
GFI1B,0.0
E2F6,0.0
PAX5,0.0
SP4,0.0
RFX1,0.0
ERG,0.0
E2F7,0.0
LYL1,0.0
MBD1,0.0
ONECUT1,0.0
PROS1,0.0
TYK2,0.0
EIF2A,0.0
ABL2,0.0
MCL1,0.0
PER2,0.0
SQSTM1,0.0
APEX1,0.0
ARHGAP1,0.0
KNG1,0.0
BDKRB1,0.0
F2RL1,0.0
LRP8,0.0
BMPR2,0.0
DOK1,0.0
PTEN,0.0
TRIM25,0.0
GNAS,0.0
