nodes,0
MAPK3,32.0
AKT1,32.0
_t,32.0
MAPK1,32.0
_s,32.0
AKT2,31.0
EGR1,31.0
EGFR,31.0
SRC,30.0
STAT1,30.0
E2F1,29.0
PRKACA,29.0
MAPK14,29.0
TP53,29.0
SMAD3,28.0
EP300,27.0
CDK2,27.0
ESR1,27.0
CREBBP,27.0
IRF3,27.0
MAPK8,25.0
AR,25.0
GSK3B,25.0
JUN,25.0
ARNT,25.0
MAX,25.0
CTNNB1,24.0
CSK,24.0
FOXA1,23.0
STAT3,23.0
RET,23.0
RELA,23.0
KAT2B,22.0
MYC,22.0
CSNK2A1,21.0
TGFA,21.0
SMAD4,21.0
NR3C1,21.0
MNT,21.0
ABL1,21.0
EGLN1,21.0
YAP1,21.0
TCF3,21.0
PRKDC,20.0
MDM2,20.0
PIK3CA,19.0
ITGB4,19.0
HSF1,19.0
RAC1,19.0
HIF1A,19.0
SREBF2,19.0
UBE2I,19.0
NCOA1,19.0
SOX2,19.0
ADAM17,18.0
LYN,18.0
CDK1,18.0
KLF4,18.0
RXRA,18.0
RUNX1,18.0
SREBF1,18.0
GATA1,17.0
RB1,17.0
PRKCZ,17.0
PPARG,17.0
MAZ,17.0
FOXL2,16.0
PRKAA1,16.0
EIF2AK4,16.0
ETS1,16.0
CTCF,16.0
PDGFA,16.0
GATA2,16.0
ATF4,16.0
PAK1,16.0
SRF,16.0
ATR,15.0
GSK3A,15.0
HSP90AA1,15.0
ZEB1,15.0
EPAS1,15.0
PTPRJ,15.0
KIT,15.0
KMT2A,15.0
NR2F2,15.0
IKBKB,14.0
STK11,14.0
TEAD1,14.0
TAL1,14.0
MYOD1,14.0
HNF4A,14.0
FOXM1,14.0
ARNTL,14.0
RARA,14.0
NCOA2,14.0
E2F3,14.0
GATA3,14.0
E2F4,13.0
SOX9,13.0
STAT5A,13.0
TEK,13.0
FLT4,13.0
EREG,13.0
CEBPA,13.0
FOXO1,13.0
CLOCK,13.0
EIF2A,12.0
FLT1,12.0
NR4A1,12.0
SMARCA4,12.0
KDR,12.0
BCL6,12.0
CIITA,12.0
AURKA,12.0
MEF2A,12.0
ROCK2,11.0
ARHGAP1,11.0
FOXA2,11.0
SP1,11.0
POU2F1,11.0
GNA13,11.0
GABPA,11.0
PDGFRB,11.0
NFE2L2,11.0
HDAC1,11.0
TICAM1,11.0
SPI1,11.0
REL,11.0
BRCA1,11.0
ARHGEF12,11.0
IKBKE,11.0
IRF4,11.0
BHLHE40,11.0
RGS16,11.0
FYN,11.0
IRF1,11.0
RFX5,11.0
JUNB,10.0
CDK5,10.0
FLT3,10.0
PDGFRA,10.0
KLF5,10.0
MAPK9,10.0
RELB,10.0
MAPK8IP3,10.0
SUMO1,10.0
NFYA,10.0
STAT2,10.0
MET,10.0
AKT3,10.0
DUSP4,10.0
ERBB2,10.0
RUNX2,10.0
YWHAZ,9.0
KLF13,9.0
IRF9,9.0
NR2F1,9.0
ZHX1,9.0
ETS2,9.0
IRF2,9.0
NCOA3,9.0
NOLC1,9.0
CASP7,9.0
GATA6,9.0
NOS1,9.0
PGR,9.0
ATF3,9.0
TCF4,9.0
SGK1,8.0
ELK1,8.0
FOS,8.0
MXI1,8.0
FOXK2,8.0
SIRT1,8.0
SMAD5,8.0
ESR2,8.0
E2F2,8.0
CDX2,8.0
CDK4,8.0
KLF1,8.0
SKI,8.0
NFKB1,8.0
MTOR,8.0
CCND1,8.0
IGF1R,8.0
SP3,8.0
PPP2CA,7.0
NR1I2,7.0
PRKACB,7.0
HOXA9,7.0
GRB14,7.0
MEIS1,7.0
RAF1,7.0
FGFR3,7.0
NR1H2,7.0
FOSL1,7.0
NR2C2,7.0
MYBL2,7.0
BECN1,7.0
HOXD9,7.0
HMGB1,7.0
ATF2,7.0
PRKAR1A,7.0
TP73,7.0
NGFR,7.0
FGFR2,7.0
PAX6,7.0
STAT5B,7.0
ZNF274,7.0
ETV4,7.0
TWIST1,7.0
CASP1,7.0
YWHAQ,6.0
BRAF,6.0
RPS6KB1,6.0
PARP1,6.0
HBP1,6.0
BCL2,6.0
TCF7L2,6.0
CAMK2A,6.0
KDM5B,6.0
SMAD2,6.0
MAPK11,6.0
SOX6,6.0
CREM,6.0
PER2,6.0
MITF,6.0
HDAC2,6.0
EPHA2,6.0
ERBB4,6.0
NFATC1,6.0
MEF2B,6.0
BLK,6.0
ELF3,6.0
BCR,6.0
AREG,6.0
PROX1,6.0
CALM3,6.0
CDKN1A,5.0
NFKB2,5.0
ZBTB33,5.0
PTEN,5.0
TBX21,5.0
SATB1,5.0
PIAS1,5.0
TEAD4,5.0
CTNND1,5.0
NEUROD1,5.0
PRDM1,5.0
NRF1,5.0
TFDP1,5.0
CASP6,5.0
LCK,5.0
ELF1,5.0
MST1R,5.0
ATF7,5.0
CEBPB,5.0
ATF6,5.0
TEAD2,5.0
THRA,5.0
TCF7,5.0
MAFK,4.0
HHEX,4.0
CTBP1,4.0
HIC1,4.0
NFE2L1,4.0
AHR,4.0
POU5F1,4.0
HINFP,4.0
ESRRA,4.0
PPARGC1A,4.0
EIF2S1,4.0
NPAT,4.0
CUX1,4.0
GLI2,4.0
NR1H3,4.0
E2F5,4.0
SPIB,4.0
YY1,4.0
CSF1R,4.0
CREB1,4.0
FGFR1,4.0
ZEB2,4.0
EZH2,4.0
NFIC,3.0
ETV1,3.0
FOSL2,3.0
TYK2,3.0
NPM1,3.0
TFAP2A,3.0
MAF,3.0
PTPN1,3.0
DUSP6,3.0
FOXO3,3.0
NR2F6,3.0
RBPJ,3.0
SNAI1,3.0
RPS6KA2,3.0
TBP,3.0
WT1,3.0
CSNK2B,3.0
FGFR4,3.0
NR5A2,3.0
FLI1,3.0
FOXO4,3.0
NFIB,3.0
SMAD1,3.0
NCOR1,3.0
IKZF1,3.0
TP63,3.0
STAT4,3.0
MEF2C,3.0
FGR,2.0
NOTCH2,2.0
OTX2,2.0
DTX1,2.0
JUND,2.0
HIPK2,2.0
SPRY2,2.0
NFYB,2.0
ASCL1,2.0
MKNK1,2.0
ITCH,2.0
LEF1,2.0
NUMB,2.0
ATF1,2.0
ELK4,2.0
ARID3A,2.0
IL1B,2.0
CBLB,2.0
PPARA,2.0
IL1R1,2.0
_meas_SORAFENIB,1.0
_meas_CRENOLANIB,1.0
_meas_DACOMITINIB,1.0
_pert_DACOMITINIB,1.0
_meas_CRIZOTINIB,1.0
_pert_SUNITINIB,1.0
_pert_CRIZOTINIB,1.0
_pert_VARLITINIB,1.0
_meas_CEDIRANIB,1.0
_meas_CABOZANTINIB,1.0
_meas_SUNITINIB,1.0
_pert_BAFETINIB,1.0
_pert_CEDIRANIB,1.0
_pert_TIVANTINIB,1.0
_meas_BAFETINIB,1.0
_meas_TIVANTINIB,1.0
_pert_BOSUTINIB,1.0
_pert_VANDETANIB,1.0
_meas_VANDETANIB,1.0
_meas_BOSUTINIB,1.0
_pert_CRENOLANIB,1.0
_pert_CABOZANTINIB,1.0
_pert_SORAFENIB,1.0
_pert_ICOTINIB,1.0
_meas_REGORAFENIB,1.0
_pert_AZD5363,1.0
_pert_IMATINIB,1.0
_meas_IMATINIB,1.0
_pert_KW2449,1.0
_pert_NERATINIB,1.0
_meas_KW2449,1.0
_meas_MK2206,1.0
_pert_LAPATINIB,1.0
_meas_ICOTINIB,1.0
_meas_LAPATINIB,1.0
_pert_MK2206,1.0
_meas_MGCD265,1.0
_pert_MGCD265,1.0
_meas_LINIFANIB,1.0
_pert_LINIFANIB,1.0
_meas_NERATINIB,1.0
_pert_NILOTINIB,1.0
_pert_DASATINIB,1.0
_pert_GEFITINIB,1.0
_meas_DASATINIB,1.0
_pert_DOVITINIB,1.0
_meas_DOVITINIB,1.0
_pert_REGORAFENIB,1.0
_pert_FORETINIB,1.0
_meas_FORETINIB,1.0
_meas_QUIZARTINIB,1.0
_meas_NILOTINIB,1.0
_pert_QUIZARTINIB,1.0
_meas_PONATINIB,1.0
_pert_PONATINIB,1.0
_meas_OSIMERTINIB,1.0
_pert_OSIMERTINIB,1.0
_meas_GEFITINIB,1.0
_meas_AZD5363,1.0
_meas_VARLITINIB,1.0
ALK,1.0
CHUK,1.0
SUFU,1.0
XBP1,1.0
MCL1,1.0
STK36,1.0
_pert_AEE788,1.0
_meas_AEE788,1.0
VDR,1.0
YES1,1.0
ROCK1,1.0
USF1,1.0
FRK,1.0
AURKB,1.0
RUNX3,1.0
HSPA5,1.0
_pert_AFATINIB,1.0
_meas_AFATINIB,1.0
AXL,1.0
PKNOX1,0.0
MAPKAPK5,0.0
RBL1,0.0
TRIM25,0.0
MARCKS,0.0
F2R,0.0
PLAUR,0.0
PLG,0.0
RFX1,0.0
IL12B,0.0
CASP3,0.0
ABL2,0.0
VAV2,0.0
TFAP4,0.0
IL23R,0.0
MED1,0.0
MSH2,0.0
IRF5,0.0
TGFB1I1,0.0
PRKAR2B,0.0
BMPR1A,0.0
TAB1,0.0
BIRC5,0.0
MAP3K11,0.0
TGFBR2,0.0
MMP9,0.0
KNG1,0.0
PEA15,0.0
POU4F2,0.0
ONECUT1,0.0
USF2,0.0
MBD1,0.0
LYL1,0.0
KLF6,0.0
PBX3,0.0
E2F7,0.0
REST,0.0
ERG,0.0
EBF1,0.0
POU2F2,0.0
GFI1B,0.0
E2F6,0.0
PAX5,0.0
HNF1B,0.0
HCK,0.0
DNAJC3,0.0
DNAJB1,0.0
BMPR2,0.0
CTSG,0.0
SP4,0.0
MEIS2,0.0
CHEK1,0.0
MAFG,0.0
TRPC1,0.0
MYCN,0.0
IGF2,0.0
LATS2,0.0
KRT1,0.0
BACH1,0.0
ETV6,0.0
SP2,0.0
IFIH1,0.0
