nodes,0
_t,32.0
_s,32.0
MAPK1,32.0
AKT1,31.0
MAPK3,31.0
PRKACA,31.0
CDK2,30.0
CREBBP,30.0
SRC,30.0
MAPK14,29.0
EGFR,29.0
EP300,29.0
CDK1,29.0
SMAD3,29.0
CSNK2A1,29.0
ITGB4,28.0
AKT2,28.0
TP53,28.0
PRKCZ,26.0
AR,26.0
SMAD4,26.0
RB1,26.0
GSK3B,26.0
CSK,26.0
STAT3,26.0
EGR1,26.0
RELA,25.0
MAX,24.0
ABL1,24.0
RXRA,23.0
E2F1,23.0
XIAP,23.0
FOXA1,23.0
PPARG,22.0
FGF8,22.0
MAPK8,22.0
HSF1,22.0
ARNT,22.0
LYN,22.0
RUNX2,22.0
JUN,22.0
CBL,22.0
IRF3,21.0
YAP1,21.0
PPP2CA,21.0
MED1,21.0
TCF3,21.0
AKT3,21.0
STAT1,20.0
MNT,20.0
CTNNB1,19.0
SREBF2,19.0
HIF1A,19.0
SOX2,19.0
SREBF1,18.0
PIK3CA,18.0
MAZ,17.0
TAB2,17.0
ESR1,17.0
NCOA1,17.0
ATF4,16.0
FOXL2,16.0
PIK3R1,16.0
NR4A1,16.0
ETS1,16.0
CTCF,16.0
RPS6KA3,16.0
MYC,16.0
SKI,16.0
SRF,16.0
GATA2,16.0
UBE2I,15.0
GRB14,15.0
NR2F2,15.0
RAF1,15.0
EPAS1,15.0
ZEB1,15.0
RARA,15.0
CEBPA,14.0
HNF4A,14.0
TEAD1,14.0
RET,14.0
STAT2,14.0
TAL1,14.0
MYOD1,14.0
KDR,14.0
SIRT1,14.0
GATA3,14.0
PDPK1,14.0
KIT,14.0
FOXM1,14.0
NCOA2,14.0
AURKA,14.0
LCK,13.0
ERBB2,13.0
E2F4,13.0
ATF2,13.0
BHLHE40,13.0
ARNTL,13.0
EGF,12.0
CSF1R,12.0
MAP2K1,12.0
FLT3,12.0
PRKDC,12.0
NFKB1,12.0
RUNX1,12.0
MEF2A,12.0
SMARCA4,12.0
RFX5,11.0
SPI1,11.0
IRF1,11.0
CIITA,11.0
REL,11.0
FOXA2,11.0
NFYA,11.0
PTEN,11.0
GABPA,11.0
NFE2L2,11.0
BCR,11.0
TBK1,11.0
TICAM1,11.0
IRF4,11.0
HCK,11.0
POU2F1,11.0
EGLN3,11.0
ROCK2,11.0
RHOA,11.0
PDGFRA,11.0
SP1,10.0
RAC1,10.0
RELB,10.0
FLT1,10.0
CASP7,10.0
JUNB,10.0
SMAD2,10.0
KLF5,10.0
KAT2B,10.0
PDGFRB,10.0
TCF4,9.0
TYK2,9.0
KLF13,9.0
IRF2,9.0
IRF9,9.0
GATA6,9.0
NR2F1,9.0
E2F3,9.0
ZHX1,9.0
ETS2,9.0
NR3C1,9.0
RBL2,9.0
NCOA3,9.0
PGR,9.0
ATF3,9.0
CDX2,8.0
ELK1,8.0
ESR2,8.0
KLF1,8.0
SMAD5,8.0
ABL2,8.0
ERBB4,8.0
SP3,8.0
NFATC1,8.0
MXI1,8.0
NOTCH2,8.0
CDK4,8.0
E2F2,8.0
FOS,8.0
TWIST1,7.0
FOSL1,7.0
ETV4,7.0
PAX6,7.0
FLT4,7.0
CLOCK,7.0
STAT5B,7.0
STK11,7.0
FOXO1,7.0
BCL6,7.0
CEBPB,7.0
NR1H2,7.0
HOXA9,7.0
FOXK2,7.0
KMT2A,7.0
NPM1,7.0
BRAF,7.0
TEK,7.0
MYBL2,7.0
ATR,7.0
CASP6,7.0
PRKCA,7.0
PHLPP1,7.0
HBP1,6.0
HOXD9,6.0
CREM,6.0
ZNF274,6.0
ATF7,6.0
PARP1,6.0
MAPK11,6.0
KDM5B,6.0
PRKAR2B,6.0
NR2C2,6.0
TCF7L2,6.0
HMGB1,6.0
NGFR,6.0
PER2,6.0
PRKACB,6.0
MEIS1,6.0
MITF,6.0
SUMO1,6.0
SOX6,6.0
RPS6KB1,6.0
MET,6.0
GATA1,6.0
PROX1,6.0
TBX21,5.0
NR1H3,5.0
ZBTB33,5.0
NRF1,5.0
NPAT,5.0
CAMK2A,5.0
JAK2,5.0
KLF4,5.0
HINFP,5.0
NFKB2,5.0
ELF3,5.0
BLK,5.0
TCF7,5.0
PRDM1,5.0
PAK1,5.0
PIAS1,5.0
FYN,5.0
ELF1,5.0
CDK5,5.0
TEAD4,5.0
TEAD2,5.0
MEF2B,5.0
CTNND1,5.0
TFDP1,4.0
AHR,4.0
HIC1,4.0
YY1,4.0
NEUROD1,4.0
ATF6,4.0
CUX1,4.0
PPARGC1A,4.0
NR2F6,4.0
MAP3K7,4.0
SPIB,4.0
GLI2,4.0
HDAC3,4.0
E2F5,4.0
EGLN2,4.0
FGFR2,4.0
SOX9,4.0
PRKCD,4.0
MAFK,4.0
SATB1,4.0
HHEX,4.0
HSPA5,4.0
ESRRA,4.0
POU5F1,4.0
TP73,4.0
ZEB2,4.0
CREB1,4.0
NR5A2,3.0
NFE2L1,3.0
RBPJ,3.0
NFIC,3.0
FGFR3,3.0
STAT5A,3.0
ADAM17,3.0
MST1R,3.0
TP63,3.0
TFAP2A,3.0
MAF,3.0
MEF2C,3.0
NFIB,3.0
FLI1,3.0
STAT4,3.0
SNAI1,3.0
CXCR4,3.0
TBP,3.0
FOSL2,3.0
FOXO3,3.0
FGFR1,3.0
ETV1,3.0
SMAD1,3.0
LEF1,2.0
ATF1,2.0
NFATC2,2.0
ASCL1,2.0
RPS6KA5,2.0
NFYB,2.0
PPARA,2.0
BECN1,2.0
TRAF6,2.0
EPHA2,2.0
JUND,2.0
ELK4,2.0
DTX1,2.0
MAP3K14,2.0
IKZF1,2.0
HIPK2,2.0
WT1,2.0
ARID3A,2.0
SQSTM1,2.0
OTX2,2.0
_pert_ICOTINIB,1.0
_meas_ICOTINIB,1.0
_pert_KW2449,1.0
_pert_IMATINIB,1.0
_meas_GEFITINIB,1.0
_pert_GEFITINIB,1.0
_meas_FORETINIB,1.0
_pert_LAPATINIB,1.0
_meas_LAPATINIB,1.0
_meas_IMATINIB,1.0
_meas_KW2449,1.0
_meas_DOVITINIB,1.0
_pert_FORETINIB,1.0
_meas_LINIFANIB,1.0
_pert_DOVITINIB,1.0
_meas_DASATINIB,1.0
_pert_DASATINIB,1.0
_meas_DACOMITINIB,1.0
_pert_DACOMITINIB,1.0
_meas_CRIZOTINIB,1.0
_pert_CRIZOTINIB,1.0
_meas_CRENOLANIB,1.0
_pert_CRENOLANIB,1.0
_meas_CEDIRANIB,1.0
_pert_CEDIRANIB,1.0
_pert_LINIFANIB,1.0
_pert_NILOTINIB,1.0
_pert_MGCD265,1.0
_meas_MGCD265,1.0
_pert_VARLITINIB,1.0
_meas_VANDETANIB,1.0
_pert_VANDETANIB,1.0
_meas_TIVANTINIB,1.0
_pert_TIVANTINIB,1.0
_meas_SUNITINIB,1.0
_pert_SUNITINIB,1.0
_meas_SORAFENIB,1.0
_pert_SORAFENIB,1.0
_meas_REGORAFENIB,1.0
_pert_REGORAFENIB,1.0
_meas_QUIZARTINIB,1.0
_pert_QUIZARTINIB,1.0
_meas_PONATINIB,1.0
_pert_PONATINIB,1.0
_meas_OSIMERTINIB,1.0
_pert_OSIMERTINIB,1.0
_meas_NILOTINIB,1.0
_pert_CABOZANTINIB,1.0
_meas_NERATINIB,1.0
_pert_NERATINIB,1.0
_meas_MK2206,1.0
_pert_MK2206,1.0
_meas_CABOZANTINIB,1.0
_pert_BOSUTINIB,1.0
_meas_VARLITINIB,1.0
_meas_AZD5363,1.0
_meas_AEE788,1.0
FGR,1.0
SMAD6,1.0
ALK,1.0
RUNX3,1.0
VDR,1.0
_pert_AFATINIB,1.0
_meas_AFATINIB,1.0
YES1,1.0
ROCK1,1.0
USF1,1.0
CAV1,1.0
FOXO4,1.0
_pert_AZD5363,1.0
FGFR4,1.0
AURKB,1.0
XBP1,1.0
_meas_BOSUTINIB,1.0
FRK,1.0
AIMP1,1.0
SMURF2,1.0
_pert_AEE788,1.0
AXL,1.0
_meas_BAFETINIB,1.0
_pert_BAFETINIB,1.0
PTPN1,0.0
WWTR1,0.0
CLK2,0.0
IKBKE,0.0
LATS2,0.0
PAX7,0.0
DDX58,0.0
NCOR1,0.0
IGF1R,0.0
STX1A,0.0
USF2,0.0
PKNOX1,0.0
MAFG,0.0
REST,0.0
MYCN,0.0
SP2,0.0
ETV6,0.0
KLF6,0.0
PBX3,0.0
BACH1,0.0
POU4F2,0.0
EBF1,0.0
POU2F2,0.0
GFI1B,0.0
ONECUT1,0.0
MEIS2,0.0
E2F6,0.0
PAX5,0.0
SP4,0.0
RFX1,0.0
TFAP4,0.0
ERG,0.0
E2F7,0.0
HNF1B,0.0
MBD1,0.0
LYL1,0.0
