nodes,0
_s,32.0
MAPK3,32.0
_t,32.0
MAPK1,32.0
EGFR,31.0
SRC,31.0
CBL,30.0
AKT3,30.0
MAPK14,30.0
ABL1,29.0
TP53,29.0
SMAD3,29.0
ESR1,29.0
EGF,28.0
AKT1,28.0
IRF3,27.0
CDK2,27.0
RET,26.0
STAT1,26.0
GSK3B,26.0
EP300,26.0
PRKACA,25.0
EGR1,25.0
CREBBP,25.0
MAX,25.0
JUN,25.0
CDK1,25.0
STAT3,24.0
CSK,24.0
RELA,24.0
NR4A1,24.0
ARNT,23.0
E2F1,22.0
AR,21.0
MNT,21.0
WWTR1,21.0
CTNNB1,20.0
FLT3,20.0
TCF3,20.0
HIF1A,19.0
SREBF2,19.0
SMAD4,19.0
SOX2,19.0
PTPN1,19.0
FOXA1,18.0
SREBF1,18.0
STK11,18.0
PLK1,18.0
LATS2,17.0
NCOA2,17.0
CEBPB,17.0
ERBB2,17.0
MAZ,17.0
AKT2,17.0
ATF4,16.0
ETS1,16.0
CTCF,16.0
GATA2,16.0
FOXL2,16.0
DUSP4,16.0
RPS6KA2,16.0
SRF,16.0
EPAS1,15.0
ZEB1,15.0
FOXM1,15.0
ITGB4,15.0
CSNK2A1,15.0
GATA3,15.0
KAT2B,15.0
RARA,15.0
PKIA,15.0
BHLHE40,15.0
NR2F2,15.0
NCOA1,14.0
MYC,14.0
TAL1,14.0
CEBPA,14.0
TEAD1,14.0
KIT,14.0
SIRT1,14.0
HNF4A,14.0
PPARG,14.0
PDGFRA,14.0
PDGFRB,13.0
E2F4,13.0
IKBKB,13.0
HSF1,12.0
PPP2CA,12.0
IKBKE,12.0
KDR,12.0
CHUK,12.0
MEF2A,12.0
STAT2,12.0
ROCK2,12.0
RUNX1,12.0
LCK,12.0
CAMKK2,12.0
EGLN3,12.0
MYOD1,12.0
FOXA2,11.0
SPI1,11.0
POU2F1,11.0
GABPA,11.0
RB1,11.0
REL,11.0
CIITA,11.0
IRF1,11.0
NFE2L2,11.0
IRF4,11.0
UBE2I,11.0
AREG,11.0
PRKN,11.0
SP1,11.0
RFX5,11.0
ARNTL,11.0
RELB,10.0
ITGA5,10.0
MAPK8,10.0
WWOX,10.0
TAB1,10.0
JUNB,10.0
FLT1,10.0
SMARCA4,10.0
MET,10.0
NFYA,10.0
RUNX2,10.0
KLF5,10.0
RXRA,10.0
CTNND1,10.0
TYK2,9.0
TCF4,9.0
IRF9,9.0
CDK5,9.0
ZHX1,9.0
IRF2,9.0
CLOCK,9.0
GATA6,9.0
PIK3CA,9.0
E2F3,9.0
ETS2,9.0
ATF3,9.0
FLT4,9.0
NR2F1,9.0
ATR,9.0
KLF13,9.0
PGR,9.0
NCOA3,9.0
E2F2,8.0
FOS,8.0
APPL1,8.0
SMAD5,8.0
ELK1,8.0
RAF1,8.0
PARP1,8.0
KLF1,8.0
SP3,8.0
PTPRJ,8.0
ATF2,8.0
YES1,8.0
MXI1,8.0
CDX2,8.0
FOXK2,8.0
STAT5B,8.0
PAX6,8.0
TICAM1,8.0
NOTCH1,8.0
NFKB1,8.0
CASP9,7.0
RHOA,7.0
EZH2,7.0
FOXO1,7.0
PRKCD,7.0
CASP6,7.0
FOSL1,7.0
HMGB1,7.0
NR1H2,7.0
MEIS1,7.0
MYOCD,7.0
NR3C1,7.0
YWHAQ,7.0
CASP3,7.0
NR2C2,7.0
MYBL2,7.0
BCL6,7.0
ITGB1,7.0
HOXD9,7.0
FGR,7.0
PPARGC1A,7.0
TWIST1,7.0
HOXA9,7.0
KMT2A,7.0
ETV4,7.0
SKI,7.0
RPS6KB1,6.0
ATF7,6.0
NCOR1,6.0
MED1,6.0
GATA1,6.0
CREM,6.0
PRKDC,6.0
PRKAA1,6.0
HDAC3,6.0
TCF7L2,6.0
HINFP,6.0
BCR,6.0
MEF2B,6.0
PAK1,6.0
MITF,6.0
CSF1R,6.0
YY1,6.0
KDM5B,6.0
PTPN11,6.0
PROX1,6.0
NFATC1,6.0
NPAT,6.0
HBP1,6.0
ELF3,6.0
SOX6,5.0
CAMK2A,5.0
TEAD4,5.0
KLF4,5.0
SPIB,5.0
ZBTB33,5.0
TEAD2,5.0
SMAD7,5.0
NRF1,5.0
ELF1,5.0
CREB1,5.0
TCF7,5.0
TBX21,5.0
TFDP1,5.0
PRDM1,5.0
DDX58,5.0
NFKB2,5.0
NR1H3,5.0
SATB1,5.0
CDKN1A,5.0
NFATC2,4.0
E2F5,4.0
ZNF274,4.0
SOX9,4.0
TP73,4.0
PRKACB,4.0
ESRRA,4.0
ESR2,4.0
FGFR1,4.0
NR2F6,4.0
FGFR2,4.0
GLI2,4.0
ATF6,4.0
GSK3A,4.0
SUMO1,4.0
CUX1,4.0
AHR,4.0
GSN,4.0
HIC1,4.0
FOXO3,4.0
TEK,4.0
ZEB2,4.0
YAP1,4.0
CCNE1,4.0
PRKCA,4.0
HHEX,4.0
NEUROD1,4.0
NGFR,4.0
FGFR3,4.0
POU5F1,4.0
MAFK,4.0
JAK3,4.0
FYN,4.0
NFIC,3.0
TBP,3.0
CDK4,3.0
ETV1,3.0
FOSL2,3.0
RBPJ,3.0
STAT5A,3.0
BHLHE41,3.0
SMAD2,3.0
MEF2C,3.0
TP63,3.0
SNAI1,3.0
LYN,3.0
TFAP2A,3.0
WT1,3.0
MAF,3.0
CDK3,3.0
NFIB,3.0
FLI1,3.0
PPP1CA,3.0
NR5A2,3.0
BLK,3.0
FOXO4,3.0
SMAD1,3.0
STAT4,3.0
IKZF1,3.0
EGLN2,3.0
BECN1,2.0
NOTCH2,2.0
ELK4,2.0
VDR,2.0
DTX1,2.0
ARID3A,2.0
JUND,2.0
NFYB,2.0
PRKAR1A,2.0
ATF1,2.0
LEF1,2.0
ASCL1,2.0
RPS6KA3,2.0
PPARA,2.0
NFE2L1,2.0
MCL1,2.0
PRKAR2B,2.0
JAK2,2.0
OTX2,2.0
TGFB1I1,2.0
_meas_PONATINIB,1.0
_pert_ICOTINIB,1.0
_pert_AZD5363,1.0
_meas_AFATINIB,1.0
_pert_AFATINIB,1.0
_meas_AEE788,1.0
_pert_QUIZARTINIB,1.0
AURKB,1.0
_meas_AZD5363,1.0
AURKA,1.0
XBP1,1.0
_pert_PONATINIB,1.0
_pert_BAFETINIB,1.0
FRK,1.0
_meas_OSIMERTINIB,1.0
_meas_QUIZARTINIB,1.0
PIAS1,1.0
_pert_REGORAFENIB,1.0
ROCK1,1.0
USF1,1.0
FGFR4,1.0
_pert_VARLITINIB,1.0
_meas_VANDETANIB,1.0
_pert_VANDETANIB,1.0
_meas_TIVANTINIB,1.0
_pert_TIVANTINIB,1.0
AXL,1.0
_pert_AEE788,1.0
_meas_SUNITINIB,1.0
_pert_SUNITINIB,1.0
PTEN,1.0
_meas_SORAFENIB,1.0
_pert_OSIMERTINIB,1.0
_pert_SORAFENIB,1.0
_meas_REGORAFENIB,1.0
_meas_BAFETINIB,1.0
_pert_CABOZANTINIB,1.0
_pert_BOSUTINIB,1.0
_meas_BOSUTINIB,1.0
_meas_DASATINIB,1.0
MST1R,1.0
BRCA1,1.0
_pert_MGCD265,1.0
_meas_LINIFANIB,1.0
_pert_DOVITINIB,1.0
_pert_LINIFANIB,1.0
_meas_LAPATINIB,1.0
_meas_DOVITINIB,1.0
_pert_FORETINIB,1.0
_pert_LAPATINIB,1.0
_meas_KW2449,1.0
ERBB4,1.0
_meas_FORETINIB,1.0
_pert_GEFITINIB,1.0
_pert_KW2449,1.0
_meas_GEFITINIB,1.0
_meas_IMATINIB,1.0
_pert_IMATINIB,1.0
_meas_MGCD265,1.0
_pert_MK2206,1.0
_meas_MK2206,1.0
ABL2,1.0
_meas_NILOTINIB,1.0
_meas_ICOTINIB,1.0
_pert_NILOTINIB,1.0
HCK,1.0
EPHA2,1.0
_meas_NERATINIB,1.0
ALK,1.0
_meas_CABOZANTINIB,1.0
_pert_CEDIRANIB,1.0
_pert_DASATINIB,1.0
_meas_CEDIRANIB,1.0
_pert_CRENOLANIB,1.0
_pert_CRIZOTINIB,1.0
_meas_CRIZOTINIB,1.0
_pert_DACOMITINIB,1.0
_pert_NERATINIB,1.0
_meas_DACOMITINIB,1.0
BRAF,1.0
_meas_CRENOLANIB,1.0
_meas_VARLITINIB,1.0
RUNX3,1.0
STIM1,0.0
BTK,0.0
ACVR1B,0.0
RRAS2,0.0
GAB1,0.0
PTH1R,0.0
DRD5,0.0
VWF,0.0
MAP3K1,0.0
MRTFA,0.0
TXK,0.0
MMP2,0.0
GRK2,0.0
ARRB1,0.0
FRS2,0.0
RBL2,0.0
NEDD4L,0.0
HGS,0.0
NTRK2,0.0
AP2M1,0.0
FAS,0.0
ARHGAP5,0.0
MAP1LC3C,0.0
PIN1,0.0
KNG1,0.0
TSC2,0.0
PRMT5,0.0
CCNG1,0.0
EPO,0.0
PAG1,0.0
TNIP2,0.0
HERC2,0.0
ADAM9,0.0
SHC3,0.0
PAX3,0.0
SIK1,0.0
THBD,0.0
FEN1,0.0
BTG2,0.0
WNT1,0.0
IGF2,0.0
JDP2,0.0
IL2RG,0.0
MERTK,0.0
RANBP2,0.0
EIF4E,0.0
ULK2,0.0
HSP90B1,0.0
OPRM1,0.0
ROS1,0.0
OGT,0.0
TRPC4,0.0
PSENEN,0.0
HSPA4,0.0
AKAP13,0.0
ACTR2,0.0
MECOM,0.0
SGK1,0.0
INHBE,0.0
CGA,0.0
RAD50,0.0
IFNGR2,0.0
TNFRSF1A,0.0
PAX7,0.0
TELO2,0.0
IRF7,0.0
PIK3CB,0.0
GRB10,0.0
IFIH1,0.0
WRN,0.0
RALA,0.0
MCPH1,0.0
CRP,0.0
COP1,0.0
SSH1,0.0
BCAR1,0.0
HES5,0.0
ITGA6,0.0
PRNP,0.0
FLCN,0.0
RPTOR,0.0
BORA,0.0
GSTP1,0.0
HIST1H4J,0.0
F5,0.0
MAP3K14,0.0
PRKCE,0.0
RBL1,0.0
PIK3AP1,0.0
ITGA8,0.0
IRAK1,0.0
CCR3,0.0
EDNRA,0.0
BNIP3,0.0
GTF2H4,0.0
IL10,0.0
WASF3,0.0
POU4F3,0.0
SYNGAP1,0.0
KMT2D,0.0
CARD11,0.0
SRGAP2,0.0
APH1A,0.0
MAPK13,0.0
LPP,0.0
XRCC6,0.0
PDCD4,0.0
ITGA9,0.0
TRPC1,0.0
ANAPC2,0.0
IFNGR1,0.0
EPB41,0.0
CASP8AP2,0.0
CTNNA1,0.0
CUL1,0.0
UBC,0.0
NOXA1,0.0
RARG,0.0
F2RL2,0.0
CCL3,0.0
MAML3,0.0
MAML2,0.0
IRS1,0.0
GIT1,0.0
ARF1,0.0
HDAC7,0.0
CRYAA,0.0
EPHA7,0.0
PPIA,0.0
PRRX1,0.0
ADCY5,0.0
TIMP2,0.0
MOB1A,0.0
CAMK2B,0.0
DLG4,0.0
WIPF1,0.0
HSP90AA1,0.0
NKX3-1,0.0
FCER1G,0.0
NRAS,0.0
SKP2,0.0
TP53BP1,0.0
IL12A,0.0
HIST3H3,0.0
PLAUR,0.0
PRKAB1,0.0
TUBB,0.0
NRP1,0.0
TBL1XR1,0.0
AHSA1,0.0
PYCARD,0.0
KNL1,0.0
SOS1,0.0
ITGA10,0.0
BMF,0.0
AATF,0.0
DVL3,0.0
ADAM10,0.0
MAP4K5,0.0
HNRNPU,0.0
TRPV4,0.0
NPLOC4,0.0
TGM2,0.0
FBXW7,0.0
NR4A2,0.0
AIMP1,0.0
CAMK2G,0.0
SFRP1,0.0
CD44,0.0
PROCR,0.0
PLCG1,0.0
MAP3K11,0.0
RAP1GAP,0.0
STEAP3,0.0
SOCS1,0.0
CHRM1,0.0
NOS1,0.0
MAPK11,0.0
GABBR1,0.0
MUSK,0.0
HDAC8,0.0
CRK,0.0
ARHGAP32,0.0
BIRC5,0.0
PRKD2,0.0
KRT1,0.0
GTF2H1,0.0
GTF2H2,0.0
TEAD3,0.0
STAM,0.0
APC2,0.0
HNRNPK,0.0
RAN,0.0
CDH2,0.0
MAPKAPK2,0.0
RIT2,0.0
PPP2R5D,0.0
GNB3,0.0
SGK3,0.0
FZD6,0.0
GNAI3,0.0
CSF2,0.0
PIK3R2,0.0
ATG4D,0.0
PRKAA2,0.0
FRS3,0.0
NUAK2,0.0
FBXO31,0.0
IGFBP3,0.0
IRAK4,0.0
MOS,0.0
ARF6,0.0
CHRM3,0.0
GABARAP,0.0
BTRC,0.0
TLK1,0.0
RNF8,0.0
PELP1,0.0
PPP3CB,0.0
ARHGEF11,0.0
ECSIT,0.0
APC,0.0
YWHAB,0.0
LRP8,0.0
APAF1,0.0
NR3C2,0.0
PIK3R3,0.0
PSMC3,0.0
MAPK8IP2,0.0
CSNK1A1,0.0
ITGB8,0.0
CASP8,0.0
NTRK1,0.0
RANBP9,0.0
ZYX,0.0
EPN1,0.0
TRAF5,0.0
PARD6B,0.0
ATOH1,0.0
TYRO3,0.0
KPNB1,0.0
GYPA,0.0
ADRB2,0.0
GHR,0.0
CUL4A,0.0
PLCB2,0.0
ZAP70,0.0
UBE3A,0.0
MAP3K3,0.0
ARFGAP1,0.0
PKD1,0.0
ACTN1,0.0
ARAF,0.0
KRIT1,0.0
PTPN6,0.0
ITGA11,0.0
SH3BP5,0.0
CDKN2C,0.0
SIVA1,0.0
DTL,0.0
BRSK2,0.0
CRADD,0.0
NEDD9,0.0
SERPINE1,0.0
ATM,0.0
PROK2,0.0
USP4,0.0
CYTH2,0.0
PRLR,0.0
GNB1,0.0
NBR1,0.0
RACK1,0.0
DVL2,0.0
KDM1A,0.0
KLK2,0.0
IL1RAP,0.0
DOCK1,0.0
IL10RB,0.0
TRIB3,0.0
YWHAG,0.0
CRY2,0.0
DACH2,0.0
ITGB5,0.0
COL1A2,0.0
ARHGAP1,0.0
IL3RA,0.0
TPR,0.0
MAVS,0.0
TGFA,0.0
RPA2,0.0
FGF10,0.0
GNAS,0.0
DUSP16,0.0
BAIAP2,0.0
DRD2,0.0
UIMC1,0.0
THRA,0.0
ARHGAP33,0.0
SIK2,0.0
EIF4EBP3,0.0
SORBS1,0.0
ROR1,0.0
SFN,0.0
UVRAG,0.0
ACTB,0.0
GNA13,0.0
AFDN,0.0
DAG1,0.0
CAMK2D,0.0
PIM1,0.0
NME1,0.0
FADD,0.0
RB1CC1,0.0
CASP10,0.0
TRPM6,0.0
LARP4B,0.0
ERBB3,0.0
IFNAR1,0.0
PRKCI,0.0
MAPK7,0.0
HSPA1B,0.0
RRAGC,0.0
PRKAG1,0.0
SHC1,0.0
G3BP2,0.0
E4F1,0.0
IL10RA,0.0
RASSF5,0.0
MS4A2,0.0
LIMK2,0.0
FASLG,0.0
IRF8,0.0
GTF2H3,0.0
NEK11,0.0
CCND1,0.0
UBA1,0.0
DAAM1,0.0
MAF1,0.0
GNG2,0.0
ROR2,0.0
SAV1,0.0
DUSP1,0.0
DLK1,0.0
PHB2,0.0
ERCC3,0.0
PTPN12,0.0
NUAK1,0.0
NF2,0.0
RALBP1,0.0
PAK4,0.0
APP,0.0
CCNC,0.0
CDKN1B,0.0
ASF1A,0.0
PLG,0.0
STK3,0.0
MTOR,0.0
EGLN1,0.0
IFNG,0.0
PLEKHG6,0.0
PPP3CA,0.0
AXIN1,0.0
CDKN1C,0.0
LEPR,0.0
IGF2BP1,0.0
RXRG,0.0
IRS4,0.0
UBE2A,0.0
CARD9,0.0
MAP3K5,0.0
IRF5,0.0
LRP5,0.0
NOD1,0.0
BID,0.0
NCK2,0.0
G3BP1,0.0
PARN,0.0
MAPKAP1,0.0
KHSRP,0.0
STK4,0.0
CCL5,0.0
RNF111,0.0
CCNH,0.0
CSF2RA,0.0
TNFSF10,0.0
PROC,0.0
YWHAE,0.0
ITGA2,0.0
CLK2,0.0
EIF3E,0.0
STK36,0.0
BIRC6,0.0
TSHR,0.0
DBF4,0.0
DBNL,0.0
APOE,0.0
EPHA8,0.0
SH2D1A,0.0
TNFAIP3,0.0
LTC4S,0.0
HRAS,0.0
DLC1,0.0
LMTK2,0.0
NCAM1,0.0
TSC1,0.0
RASGRF2,0.0
MAP2K1,0.0
TEC,0.0
HDAC6,0.0
LIPC,0.0
ARHGEF4,0.0
APOA1,0.0
DIAPH1,0.0
RNF168,0.0
NGF,0.0
EIF2AK3,0.0
HMGN1,0.0
EZR,0.0
ATG7,0.0
SNTA1,0.0
PPP2R2A,0.0
PTK7,0.0
GFI1,0.0
PINK1,0.0
DDB1,0.0
CBLB,0.0
UBE2N,0.0
ARPC1B,0.0
ABRAXAS1,0.0
MC4R,0.0
CAPN3,0.0
NEB,0.0
BDKRB1,0.0
MATK,0.0
SHC2,0.0
HNRNPD,0.0
EIF5,0.0
TNFRSF1B,0.0
APBB1IP,0.0
SMYD2,0.0
ONECUT1,0.0
MBD1,0.0
LYL1,0.0
MRVI1,0.0
NR4A3,0.0
BMX,0.0
NTRK3,0.0
TOPBP1,0.0
CDC26,0.0
PKNOX1,0.0
PDGFA,0.0
SYT1,0.0
PADI4,0.0
FHL2,0.0
GZMB,0.0
KIR2DL5A,0.0
TFAP4,0.0
HAS2,0.0
SNW1,0.0
SFPQ,0.0
PCNA,0.0
ACVRL1,0.0
NCK1,0.0
TAB3,0.0
MEIS2,0.0
HIPK2,0.0
GNAZ,0.0
RAPGEF2,0.0
RAP1B,0.0
ITGAL,0.0
PIK3CD,0.0
STXBP1,0.0
S100B,0.0
ICK,0.0
DKK1,0.0
MAP3K8,0.0
TLR3,0.0
IFNAR2,0.0
EPHA1,0.0
CHEK2,0.0
RPS6KA4,0.0
WNT2,0.0
RECQL4,0.0
TAOK1,0.0
MAP3K7,0.0
RYK,0.0
E2F7,0.0
DYRK2,0.0
KLF6,0.0
PBX3,0.0
POU4F2,0.0
NFKBIB,0.0
WNK1,0.0
EBF1,0.0
POU2F2,0.0
ILK,0.0
GFI1B,0.0
PDK1,0.0
E2F6,0.0
PAX5,0.0
SP4,0.0
RFX1,0.0
NCL,0.0
ITSN1,0.0
CRTC2,0.0
ERG,0.0
DNAJC3,0.0
USF2,0.0
TGFB2,0.0
FHL1,0.0
MAFG,0.0
CSNK1E,0.0
SH3GLB1,0.0
TNS1,0.0
NOLC1,0.0
MRAS,0.0
FKBP4,0.0
BACH1,0.0
C3,0.0
FZD1,0.0
ETV6,0.0
SP2,0.0
MYCN,0.0
VLDLR,0.0
ARHGEF1,0.0
REST,0.0
HNF1B,0.0
RNF11,0.0
IRS2,0.0
NCSTN,0.0
CARD14,0.0
BMPR2,0.0
NCF2,0.0
KCNA2,0.0
IRAK3,0.0
RASSF1,0.0
ANXA2,0.0
PRKCQ,0.0
SPHK2,0.0
NOX1,0.0
CD247,0.0
ICAM3,0.0
MAD1L1,0.0
KCNIP3,0.0
TLR1,0.0
FZR1,0.0
BTC,0.0
HGF,0.0
CDC27,0.0
PPM1A,0.0
LPL,0.0
BCL2L11,0.0
TRAF4,0.0
FANCM,0.0
TRADD,0.0
PTPRC,0.0
TRPC5,0.0
VTN,0.0
STAT6,0.0
IKBKG,0.0
MAPK8IP3,0.0
TRRAP,0.0
CHRM4,0.0
GNAI1,0.0
IGF1R,0.0
THY1,0.0
PTGS2,0.0
CXCL8,0.0
MDC1,0.0
LAT,0.0
HDAC4,0.0
WNT3A,0.0
ARID4A,0.0
PIAS4,0.0
BARD1,0.0
FZD10,0.0
EIF3J,0.0
CDKN2A,0.0
YWHAZ,0.0
F2R,0.0
TLR6,0.0
NOTCH4,0.0
IFIT1,0.0
EIF4EBP1,0.0
IL23R,0.0
ARHGEF6,0.0
FBXO5,0.0
PROKR1,0.0
TOLLIP,0.0
MMP3,0.0
PRLHR,0.0
STRAP,0.0
DRD4,0.0
EPHB3,0.0
DPYSL2,0.0
H2AFX,0.0
POLE,0.0
ARHGEF2,0.0
DDX17,0.0
TLR2,0.0
RAD9A,0.0
ESCO1,0.0
PSTPIP1,0.0
GRAP,0.0
MAPK10,0.0
RASGRP1,0.0
YWHAH,0.0
PTK2B,0.0
HDAC9,0.0
NUMB,0.0
MEFV,0.0
ADAM15,0.0
ITGA4,0.0
CFLAR,0.0
PRKCZ,0.0
PPP1R14A,0.0
PTCH1,0.0
RPA1,0.0
STK38,0.0
MAP3K2,0.0
ELANE,0.0
GNG3,0.0
KAT7,0.0
ERCC2,0.0
CASP2,0.0
NBN,0.0
DAB1,0.0
PIM3,0.0
CAMP,0.0
PSEN1,0.0
CA2,0.0
TERF2IP,0.0
OXSR1,0.0
GABARAPL1,0.0
CASR,0.0
NR5A1,0.0
CRTC3,0.0
CSF1,0.0
ANXA1,0.0
SLK,0.0
RHOQ,0.0
TLR7,0.0
EPHA3,0.0
CD274,0.0
RAD21,0.0
CASP7,0.0
MCF2L,0.0
SIK3,0.0
ANP32A,0.0
FKBP5,0.0
TRAF2,0.0
STK24,0.0
MCM7,0.0
FES,0.0
RAP2A,0.0
OPRD1,0.0
HSPB2,0.0
MALT1,0.0
ESPL1,0.0
PTPRH,0.0
TRIM27,0.0
RASA1,0.0
F9,0.0
CDC42,0.0
TRIP11,0.0
EFNB1,0.0
PPP2R5A,0.0
EPHB2,0.0
TNFRSF11A,0.0
JAG1,0.0
PDPK1,0.0
ACVR2B,0.0
USP13,0.0
EPHB4,0.0
NRIP1,0.0
TAF1,0.0
ATG13,0.0
IL4R,0.0
PALB2,0.0
CBLC,0.0
ITK,0.0
BAK1,0.0
USP10,0.0
AKT1S1,0.0
LRP6,0.0
DRD3,0.0
IL15RA,0.0
BMI1,0.0
IGFBP4,0.0
CD79B,0.0
CRY1,0.0
GNG12,0.0
CRYAB,0.0
CARD8,0.0
DOCK7,0.0
MKNK2,0.0
CFL1,0.0
KAT8,0.0
MAP4K3,0.0
TNFRSF10B,0.0
TBXA2R,0.0
IL1A,0.0
SMARCC1,0.0
BMP2,0.0
BLM,0.0
UNC13B,0.0
CXCR2,0.0
CCND3,0.0
MYLK2,0.0
AGTR2,0.0
KHDRBS1,0.0
PLXNA1,0.0
FANCC,0.0
RIPK2,0.0
PTPN7,0.0
RANBP3,0.0
CDKN2AIP,0.0
FGF2,0.0
TRIM28,0.0
SH3KBP1,0.0
FZD2,0.0
GADD45A,0.0
PABPC1,0.0
ASXL1,0.0
TESK1,0.0
SLPI,0.0
AGTR1,0.0
RCAN1,0.0
BLNK,0.0
BIRC2,0.0
TLR10,0.0
F2RL3,0.0
TMEM173,0.0
DOK4,0.0
AVEN,0.0
INPPL1,0.0
ZRANB2,0.0
ARRB2,0.0
NCOR2,0.0
DDB2,0.0
XPA,0.0
ID2,0.0
PPP3CC,0.0
GTF2F1,0.0
ATG14,0.0
CTTN,0.0
FRAT1,0.0
POLA1,0.0
TNK2,0.0
HBEGF,0.0
ADAM12,0.0
IL1B,0.0
DHX9,0.0
NUMA1,0.0
CAST,0.0
LTK,0.0
CXCL12,0.0
WASF2,0.0
TICAM2,0.0
SIRT2,0.0
MMP1,0.0
MARCKS,0.0
GAB2,0.0
CALM3,0.0
COPS5,0.0
FST,0.0
PTPRA,0.0
PSIP1,0.0
PDGFB,0.0
IRAK2,0.0
AKAP5,0.0
TTK,0.0
MAP2K4,0.0
DYRK1B,0.0
MARK2,0.0
SH3RF1,0.0
MYD88,0.0
TNFRSF21,0.0
MAS1,0.0
MAP4K4,0.0
MSH2,0.0
FPR1,0.0
CAMK4,0.0
CTBP1,0.0
HDAC5,0.0
PLD1,0.0
PELI1,0.0
PEA15,0.0
XPC,0.0
GNAI2,0.0
SPEN,0.0
ARHGAP35,0.0
CHRM2,0.0
SMAD9,0.0
FUBP1,0.0
CCNA2,0.0
EPHA4,0.0
EIF3F,0.0
SPAG9,0.0
PPP1CC,0.0
BUB1B,0.0
FNTA,0.0
BACE1,0.0
UBR5,0.0
CCR5,0.0
SNX9,0.0
PKMYT1,0.0
TNFRSF10A,0.0
EIF2AK4,0.0
GNAQ,0.0
PIK3R4,0.0
SLIT2,0.0
ZFYVE9,0.0
PPP5C,0.0
BCL2,0.0
PTPN2,0.0
MYB,0.0
ARHGDIA,0.0
EPS15,0.0
CSF2RB,0.0
BAG2,0.0
GRB2,0.0
WAS,0.0
LIMK1,0.0
CYLD,0.0
GATA4,0.0
BBC3,0.0
A2M,0.0
BNIP3L,0.0
GRB7,0.0
COL2A1,0.0
BCL2L1,0.0
CASP1,0.0
BRIP1,0.0
MAP2K7,0.0
BAX,0.0
SIAH1,0.0
ARHGAP24,0.0
MAP2K6,0.0
CSNK2B,0.0
MMP9,0.0
IL12B,0.0
PRKG1,0.0
MFN2,0.0
ACVR1C,0.0
KREMEN1,0.0
DNAJB1,0.0
INSR,0.0
MYT1,0.0
FZD8,0.0
TLR8,0.0
STUB1,0.0
MAPKAPK3,0.0
IFNB1,0.0
LRRK2,0.0
TRAF3,0.0
RDX,0.0
DAXX,0.0
FGF8,0.0
SMURF2,0.0
TOP1,0.0
AMOT,0.0
UBE2V1,0.0
LCP2,0.0
MPO,0.0
CDK5R1,0.0
MAPK6,0.0
BAMBI,0.0
DIABLO,0.0
DAB2IP,0.0
HTT,0.0
GRB14,0.0
TXN,0.0
AP2B1,0.0
IBTK,0.0
IL12RB2,0.0
RHOU,0.0
ROBO1,0.0
F8,0.0
PRL,0.0
GPI,0.0
RPS6KB2,0.0
VAV1,0.0
SH2B1,0.0
TLR4,0.0
MAPK9,0.0
EIF2A,0.0
RAPGEF1,0.0
XPO1,0.0
THBS1,0.0
F2RL1,0.0
FZD7,0.0
ANAPC7,0.0
CITED1,0.0
KPNA2,0.0
CAMK1,0.0
MAP3K20,0.0
TNIK,0.0
RBBP8,0.0
ENPP1,0.0
PKD2,0.0
HIPK1,0.0
TDG,0.0
PER2,0.0
PARD6G,0.0
COL18A1,0.0
IL6ST,0.0
IL16,0.0
SOCS3,0.0
BIK,0.0
ORAI1,0.0
MIR17HG,0.0
USP28,0.0
SOS2,0.0
XIAP,0.0
BDNF,0.0
FCGR2A,0.0
CHRM5,0.0
CRLF2,0.0
TET1,0.0
CABIN1,0.0
MAP1LC3A,0.0
FN1,0.0
STK39,0.0
ITPR1,0.0
TLN1,0.0
CCL2,0.0
POU4F1,0.0
DDR1,0.0
FYCO1,0.0
DVL1,0.0
MMP14,0.0
TGFB1,0.0
ZBTB17,0.0
NLRP1,0.0
EPHB1,0.0
INCENP,0.0
PTK2,0.0
CAPN2,0.0
IL4,0.0
ATRIP,0.0
ITGA1,0.0
NEDD4,0.0
CYCS,0.0
OPRK1,0.0
MGP,0.0
PELI3,0.0
PTGFR,0.0
GNA11,0.0
S1PR1,0.0
DLG1,0.0
CDK7,0.0
KLK3,0.0
BAD,0.0
CBX4,0.0
GNB2,0.0
TGFBR2,0.0
RAP1A,0.0
CXCL1,0.0
TIAL1,0.0
ARHGEF15,0.0
PREX1,0.0
HNRNPA0,0.0
PIK3C3,0.0
GTF2I,0.0
EIF4G1,0.0
TAOK3,0.0
TNIP1,0.0
EPOR,0.0
CD14,0.0
BAZ1B,0.0
TP53AIP1,0.0
VAV2,0.0
PARD6A,0.0
ITGAV,0.0
AATK,0.0
NTF3,0.0
TLR5,0.0
ERCC5,0.0
PELI2,0.0
PA2G4,0.0
RBX1,0.0
TIE1,0.0
PEBP1,0.0
PHLPP1,0.0
PKN1,0.0
HTRA2,0.0
MAPK15,0.0
CRKL,0.0
NONO,0.0
ULK1,0.0
ITGAE,0.0
ERN1,0.0
DLL1,0.0
CXCR4,0.0
SOX4,0.0
ROBO3,0.0
RIMS1,0.0
DNAJA3,0.0
IGF1,0.0
MAP2K3,0.0
PAK6,0.0
MCF2,0.0
PPP2CB,0.0
BCL3,0.0
AMFR,0.0
EPHA6,0.0
HCFC1,0.0
SMAD6,0.0
VCP,0.0
RUBCN,0.0
EIF2S1,0.0
BUB1,0.0
FANCE,0.0
TRPM7,0.0
CCNA1,0.0
PPP3R1,0.0
REN,0.0
MPL,0.0
COX5B,0.0
MAP3K4,0.0
IL33,0.0
CAMKK1,0.0
SQSTM1,0.0
SDC4,0.0
PMS2,0.0
GNGT1,0.0
COL1A1,0.0
PML,0.0
CD47,0.0
EXOC2,0.0
HSPA5,0.0
ITGB2,0.0
ITCH,0.0
HOXA10,0.0
EIF4G2,0.0
PXN,0.0
MDM4,0.0
BMPR1A,0.0
MST1,0.0
EDN1,0.0
PTPN22,0.0
MAP3K10,0.0
KMT5A,0.0
SGK2,0.0
MAP2K5,0.0
HDAC1,0.0
ANAPC11,0.0
SERPINA5,0.0
GNRHR,0.0
MARK1,0.0
MDM2,0.0
WASF1,0.0
IL12RB1,0.0
LAT2,0.0
RICTOR,0.0
S100A4,0.0
ARHGEF7,0.0
ADAM17,0.0
DDR2,0.0
KRT18,0.0
SRSF2,0.0
PPP1R1A,0.0
ELAVL1,0.0
ACTA1,0.0
PTTG1,0.0
TYROBP,0.0
RANGAP1,0.0
GRM1,0.0
FLNA,0.0
KEAP1,0.0
IL13RA2,0.0
ARHGAP26,0.0
MAPK12,0.0
IL6R,0.0
PPP2R1A,0.0
ACVR2A,0.0
KIF3A,0.0
IL13,0.0
CHN2,0.0
PRC1,0.0
CTSG,0.0
IL6,0.0
LRIG1,0.0
ITGAX,0.0
RBP1,0.0
IL2RA,0.0
PRDX1,0.0
PARK7,0.0
NGEF,0.0
JAK1,0.0
TLE1,0.0
EDN2,0.0
ID1,0.0
TBK1,0.0
DAPK1,0.0
CD82,0.0
BRCA2,0.0
ELMO1,0.0
NOD2,0.0
TOPORS,0.0
PPP1R2,0.0
MUC1,0.0
PROS1,0.0
HTR2A,0.0
RAD18,0.0
CD28,0.0
CSNK1G1,0.0
ASAP1,0.0
TRAF6,0.0
DUSP3,0.0
CCNE2,0.0
PFN1,0.0
LTF,0.0
ANAPC1,0.0
BNIP2,0.0
PAK1IP1,0.0
FOXG1,0.0
SUV39H1,0.0
TRIP6,0.0
DRD1,0.0
VEGFA,0.0
PIAS3,0.0
CDK9,0.0
NR1D1,0.0
ERCC6,0.0
CDC23,0.0
EDNRB,0.0
EIF2AK2,0.0
ITGB3,0.0
BMP4,0.0
FGA,0.0
NFKBIE,0.0
GDF15,0.0
NUP50,0.0
MAP4K2,0.0
SIAH2,0.0
PPP1R9B,0.0
ROBO2,0.0
RAC1,0.0
MKNK1,0.0
RACGAP1,0.0
CDC42BPA,0.0
STX1A,0.0
EREG,0.0
SPRY1,0.0
FUS,0.0
PIDD1,0.0
HRH1,0.0
TAB2,0.0
SKIL,0.0
TIRAP,0.0
GNA12,0.0
PTPN5,0.0
CSF3R,0.0
CDK6,0.0
HSPB1,0.0
IL5RA,0.0
RCHY1,0.0
TRPM4,0.0
CD80,0.0
KREMEN2,0.0
CDK8,0.0
PTHLH,0.0
SOCS7,0.0
MAP1B,0.0
ITGAM,0.0
SKP1,0.0
RARB,0.0
NEK2,0.0
ACP1,0.0
DDX5,0.0
MAPKAPK5,0.0
SNCA,0.0
DAB2,0.0
TLR9,0.0
TFPI,0.0
CHAT,0.0
NCKAP1,0.0
RGS2,0.0
DOCK2,0.0
WNT5A,0.0
ARHGDIB,0.0
CDKN2D,0.0
FZD5,0.0
ASAP2,0.0
TERF2,0.0
PER1,0.0
L1CAM,0.0
LIFR,0.0
PMAIP1,0.0
ITGB6,0.0
FGG,0.0
RAD17,0.0
CHEK1,0.0
CXCL5,0.0
TERF1,0.0
SMO,0.0
KHDRBS2,0.0
ANAPC5,0.0
PPP1R1B,0.0
INSRR,0.0
PRKD1,0.0
ANK1,0.0
FKBP8,0.0
MAP4K1,0.0
NR1I2,0.0
CDC16,0.0
PRMT1,0.0
PLAT,0.0
ADRA1B,0.0
PARD3,0.0
ANAPC10,0.0
DYNLL1,0.0
UFD1,0.0
USP6,0.0
ARPC2,0.0
ZBTB16,0.0
RAD1,0.0
LRP1,0.0
AGT,0.0
PPM1D,0.0
PIK3CG,0.0
RGS16,0.0
AXIN2,0.0
RGS19,0.0
ECT2,0.0
FPR2,0.0
RALGDS,0.0
CD19,0.0
TIMP3,0.0
FER,0.0
KLC2,0.0
PTPRF,0.0
SLC9A3R1,0.0
WASL,0.0
IL3,0.0
SRPK2,0.0
BIRC3,0.0
GAPDH,0.0
PRKCG,0.0
RASGRF1,0.0
SYK,0.0
DUSP6,0.0
RIN1,0.0
CDC25A,0.0
CDC20,0.0
TNF,0.0
SYN1,0.0
PPBP,0.0
FZD4,0.0
MEF2D,0.0
DUSP5,0.0
CASP5,0.0
PAK3,0.0
CTBP2,0.0
ARFIP1,0.0
MAD2L1,0.0
RPS6KA1,0.0
ITGB7,0.0
RAC2,0.0
SH2B2,0.0
CCND2,0.0
ASH2L_DPY30_KMT2D_RBBP5_WDR5,0.0
SET,0.0
CD4,0.0
IFI16,0.0
F2,0.0
SERPINB2,0.0
PITX2,0.0
MAPK8IP1,0.0
HSPB6,0.0
SLC9A1,0.0
PUF60,0.0
PIK3R1,0.0
RXRB,0.0
TIMP1,0.0
PAK2,0.0
PLAU,0.0
PTPRO,0.0
DAPK3,0.0
ATG3,0.0
SLC4A1,0.0
CXCR5,0.0
KSR1,0.0
ITGA3,0.0
CDK11B,0.0
SPRY2,0.0
HUWE1,0.0
BMPR1B,0.0
HDAC2,0.0
KIR3DL1,0.0
PPARD,0.0
TET2,0.0
PPP1R15A,0.0
VASP,0.0
ZNF420,0.0
KRAS,0.0
RRAGD,0.0
PIM2,0.0
CD40,0.0
WNK4,0.0
RGL2,0.0
RND1,0.0
TH,0.0
CDC7,0.0
ABI1,0.0
FZD9,0.0
NUP98,0.0
PAXIP1,0.0
WNT4,0.0
PKM,0.0
JAG2,0.0
MAP3K12,0.0
TP53INP1,0.0
VHL,0.0
IL7R,0.0
EPHA5,0.0
DAP3,0.0
HSPD1,0.0
PLD2,0.0
ACVR1,0.0
CDKN2B,0.0
PPP2R5C,0.0
SUFU,0.0
CTGF,0.0
LIF,0.0
DOK1,0.0
IL2RB,0.0
MAML1,0.0
TGFBR1,0.0
NLK,0.0
HES1,0.0
THRB,0.0
GTF2A2,0.0
APEX1,0.0
UBB,0.0
HNF1A,0.0
NLRC4,0.0
EEF1A1,0.0
RRAS,0.0
PSEN2,0.0
PTPRR,0.0
VCL,0.0
CTDSP1,0.0
STAM2,0.0
KAT5,0.0
CAPN1,0.0
IL1R1,0.0
CDON,0.0
INHBA,0.0
CAV1,0.0
TP53BP2,0.0
MINK1,0.0
LIG1,0.0
BDKRB2,0.0
CSNK1A1L,0.0
TRAF1,0.0
CDH1,0.0
IER3,0.0
TIAM1,0.0
EIF2B1,0.0
CSF3,0.0
COPS6,0.0
SMURF1,0.0
TRPC3,0.0
WEE1,0.0
MLH1,0.0
IL13RA1,0.0
PPP1R8,0.0
GRM7,0.0
TRIM25,0.0
FZD3,0.0
PRKCB,0.0
GDNF,0.0
NOTCH3,0.0
RIPK1,0.0
DDIT3,0.0
RHEB,0.0
BCL2L2,0.0
ANAPC4,0.0
RCC1,0.0
GRN,0.0
NET1,0.0
MAP1LC3B,0.0
MAGEL2,0.0
EIF4EBP2,0.0
LATS1,0.0
MOB1B,0.0
HSP90AB1,0.0
DEF6,0.0
RASGRP3,0.0
IQGAP1,0.0
RPS6KA5,0.0
SFRP2,0.0
DNM2,0.0
KAT2A,0.0
ID3,0.0
TGFB3,0.0
HIST1H2AL,0.0
GABARAPL2,0.0
VAV3,0.0
GRIN2A,0.0
NPM1,0.0
HMGA2,0.0
BCL10,0.0
TP53RK,0.0
MRE11,0.0
SDC2,0.0
MAP2K2,0.0
ARHGEF12,0.0
