nodes,0
SRC,32.0
_t,32.0
_s,32.0
E2F1,32.0
MAPK1,32.0
MAPK14,32.0
ESR1,31.0
CSK,31.0
MAPK3,31.0
STAT3,31.0
CDK1,30.0
EP300,30.0
AKT2,30.0
SMAD3,30.0
TP53,29.0
ITGB4,28.0
CREBBP,28.0
EGFR,28.0
YAP1,28.0
PRKCD,28.0
AKT1,27.0
MAPK8,27.0
CSNK2A1,26.0
PRKDC,26.0
MAX,25.0
GSK3B,25.0
LCK,24.0
IRF3,24.0
JUN,24.0
PAK1,23.0
ABL1,23.0
FOXA1,23.0
VEGFA,23.0
RELA,23.0
PLK1,23.0
ARNT,22.0
EGR1,22.0
NR3C1,22.0
HSF1,22.0
SMAD4,22.0
HSP90AA1,21.0
SHC1,21.0
MNT,21.0
AR,20.0
CTNNB1,20.0
AREG,20.0
RXRA,19.0
STAT1,19.0
GRB14,19.0
MYC,19.0
SREBF2,19.0
RET,19.0
KIT,19.0
PRKCZ,19.0
SOX2,19.0
HIF1A,19.0
SREBF1,18.0
STK11,18.0
RB1,18.0
KLF4,18.0
MEF2A,18.0
FYN,17.0
CEBPA,17.0
RPS6KA3,17.0
UBE2I,17.0
MAZ,17.0
GATA2,16.0
CTCF,16.0
ETS1,16.0
FLT1,16.0
FOXL2,16.0
GATA1,16.0
ATF4,16.0
SRF,16.0
TCF3,15.0
PPM1D,15.0
SUMO1,15.0
CLOCK,15.0
KDR,15.0
NFKB1,15.0
EGLN1,15.0
ZEB1,15.0
CDK5,15.0
EPAS1,15.0
DAPK1,15.0
STAT2,14.0
FOXM1,14.0
HNF4A,14.0
PARP1,14.0
RARA,14.0
GATA3,14.0
ATR,14.0
FOS,14.0
TEAD1,14.0
TAL1,14.0
DOK1,13.0
AKT3,13.0
PDGFRA,13.0
E2F4,13.0
PRKACA,13.0
CDK2,13.0
NCOA2,13.0
MYOD1,13.0
ITGB1,13.0
NCOA1,12.0
NR2F2,12.0
NR4A1,12.0
IRF1,11.0
FLT3,11.0
CIITA,11.0
NFE2L2,11.0
PPARG,11.0
RFX5,11.0
ROCK2,11.0
NFYA,11.0
SP1,11.0
ATM,11.0
SIRT1,11.0
SPI1,11.0
RUNX1,11.0
POU2F1,11.0
ARNTL,11.0
GABPA,11.0
PIK3CA,11.0
TBK1,11.0
IRF4,11.0
SMARCA4,11.0
REL,11.0
TICAM1,11.0
FOXA2,11.0
JUNB,10.0
RUNX2,10.0
KLF5,10.0
FLT4,10.0
RELB,10.0
BHLHE40,10.0
CEBPB,10.0
NR2F1,9.0
KLF13,9.0
IRF9,9.0
GSK3A,9.0
STX1A,9.0
E2F3,9.0
NCOA3,9.0
GATA6,9.0
IRF2,9.0
KAT2B,9.0
ETS2,9.0
PAX6,9.0
PGR,9.0
ZHX1,9.0
TCF4,9.0
TP73,9.0
ELK1,8.0
FOXK2,8.0
SP3,8.0
MXI1,8.0
CDX2,8.0
RAF1,8.0
TEK,8.0
SMAD7,8.0
ACVR1,8.0
SMAD5,8.0
LYN,8.0
KLF1,8.0
EPHA2,8.0
E2F2,8.0
ATF3,8.0
FOXO1,7.0
FGFR1,7.0
NGFR,7.0
NR1H2,7.0
TRAF6,7.0
HOXD9,7.0
HMGB1,7.0
EZH2,7.0
FGFR4,7.0
ZNF274,7.0
TWIST1,7.0
BRCA1,7.0
NR2C2,7.0
MYB,7.0
ETV4,7.0
PRKACB,7.0
HDAC6,7.0
STAT5B,7.0
MEIS1,7.0
FOSL1,7.0
HOXA9,7.0
MYBL2,7.0
PRKAR2B,7.0
KMT2A,7.0
SOX6,6.0
ELF3,6.0
NRF1,6.0
KDM5B,6.0
HBP1,6.0
ERBB2,6.0
MITF,6.0
TGFA,6.0
RPS6KB1,6.0
BCL6,6.0
TCF7L2,6.0
MAF,6.0
ATF7,6.0
NOTCH1,6.0
PPARA,6.0
BECN1,6.0
MEF2B,6.0
CREM,6.0
PROX1,6.0
MAPK6,5.0
ZBTB33,5.0
SATB1,5.0
NR1H3,5.0
PRKCA,5.0
CASP6,5.0
CHEK2,5.0
NFATC1,5.0
PDGFRB,5.0
TFDP1,5.0
PPP2CA,5.0
CTNND1,5.0
SPIB,5.0
NPAT,5.0
ELF1,5.0
TBX21,5.0
HINFP,5.0
NEUROD1,5.0
PRDM1,5.0
TCF7,5.0
TEAD4,5.0
MET,5.0
IRAK1,5.0
HDAC4,5.0
TEAD2,5.0
CUX1,4.0
ATF6,4.0
POU5F1,4.0
HIC1,4.0
ATF2,4.0
AHR,4.0
CREB1,4.0
PPARGC1A,4.0
NR2F6,4.0
E2F5,4.0
CTBP1,4.0
ZEB2,4.0
FGFR2,4.0
GLI2,4.0
ESRRA,4.0
FLI1,4.0
NFKB2,4.0
JAK2,4.0
MAFK,4.0
YY1,4.0
HDAC3,4.0
HHEX,4.0
CSF1R,4.0
SOX9,4.0
KEAP1,3.0
PIAS1,3.0
NOTCH4,3.0
NR5A2,3.0
MDM2,3.0
ERBB4,3.0
TP63,3.0
TBP,3.0
FOXO3,3.0
TFAP2A,3.0
SMAD1,3.0
NFIC,3.0
ETV1,3.0
FOSL2,3.0
STAT5A,3.0
NFIB,3.0
PPP1CA,3.0
IKZF1,3.0
CBL,3.0
TYK2,3.0
FOXO4,3.0
STAT4,3.0
RBPJ,3.0
DTX1,2.0
RNF11,2.0
ITCH,2.0
ARID3A,2.0
ELK4,2.0
ATF1,2.0
NFYB,2.0
WT1,2.0
ROCK1,2.0
ASCL1,2.0
JUND,2.0
PPP1R1A,2.0
PPP1CC,2.0
LEF1,2.0
PPP2R5C,2.0
CAMK2A,2.0
BCR,2.0
MEF2C,2.0
OTX2,2.0
FGFR3,2.0
SNAI1,2.0
ESR2,2.0
NFE2L1,2.0
_meas_CABOZANTINIB,1.0
_pert_KW2449,1.0
_meas_IMATINIB,1.0
_pert_CABOZANTINIB,1.0
_pert_CEDIRANIB,1.0
_pert_IMATINIB,1.0
_meas_CEDIRANIB,1.0
_meas_CRENOLANIB,1.0
_pert_CRENOLANIB,1.0
_meas_ICOTINIB,1.0
_pert_ICOTINIB,1.0
_meas_GEFITINIB,1.0
_pert_GEFITINIB,1.0
_meas_FORETINIB,1.0
_meas_DOVITINIB,1.0
_pert_DOVITINIB,1.0
_meas_KW2449,1.0
_meas_DASATINIB,1.0
_pert_DASATINIB,1.0
_meas_DACOMITINIB,1.0
_pert_DACOMITINIB,1.0
_meas_CRIZOTINIB,1.0
_pert_CRIZOTINIB,1.0
_pert_FORETINIB,1.0
_meas_SUNITINIB,1.0
_pert_LAPATINIB,1.0
_pert_VARLITINIB,1.0
_meas_REGORAFENIB,1.0
_pert_SORAFENIB,1.0
_meas_QUIZARTINIB,1.0
_pert_QUIZARTINIB,1.0
_meas_PONATINIB,1.0
_pert_PONATINIB,1.0
_meas_SORAFENIB,1.0
_pert_BOSUTINIB,1.0
_meas_OSIMERTINIB,1.0
_pert_OSIMERTINIB,1.0
_pert_SUNITINIB,1.0
_meas_NILOTINIB,1.0
_pert_NILOTINIB,1.0
_meas_NERATINIB,1.0
_pert_NERATINIB,1.0
_meas_MK2206,1.0
_pert_REGORAFENIB,1.0
_pert_TIVANTINIB,1.0
_pert_MK2206,1.0
_meas_MGCD265,1.0
_meas_TIVANTINIB,1.0
_pert_VANDETANIB,1.0
_pert_MGCD265,1.0
_meas_VANDETANIB,1.0
_meas_LINIFANIB,1.0
_pert_LINIFANIB,1.0
_meas_LAPATINIB,1.0
_meas_BOSUTINIB,1.0
_meas_VARLITINIB,1.0
_pert_AEE788,1.0
_pert_AZD5363,1.0
FGR,1.0
AURKA,1.0
YES1,1.0
_meas_AEE788,1.0
PTEN,1.0
FRK,1.0
XBP1,1.0
_pert_AFATINIB,1.0
_meas_AFATINIB,1.0
VDR,1.0
YWHAQ,1.0
USF1,1.0
BLK,1.0
AXL,1.0
_pert_BAFETINIB,1.0
_meas_BAFETINIB,1.0
CDK4,1.0
RUNX3,1.0
ALK,1.0
MST1R,1.0
_meas_AZD5363,1.0
HCK,0.0
MED1,0.0
BCL3,0.0
WNT5A,0.0
BRAF,0.0
IGF1R,0.0
CDC25A,0.0
EGLN2,0.0
LRRK2,0.0
ROR1,0.0
SMAD2,0.0
PIK3R1,0.0
ABL2,0.0
DVL1,0.0
AURKB,0.0
KLF6,0.0
PKNOX1,0.0
ARHGEF7,0.0
USF2,0.0
POU4F2,0.0
HNF1B,0.0
REST,0.0
EBF1,0.0
MYCN,0.0
SP2,0.0
ETV6,0.0
POU2F2,0.0
BACH1,0.0
GFI1B,0.0
E2F6,0.0
PAX5,0.0
SP4,0.0
RFX1,0.0
MAFG,0.0
MEIS2,0.0
ARHGAP1,0.0
ERG,0.0
E2F7,0.0
LYL1,0.0
MBD1,0.0
ONECUT1,0.0
TFAP4,0.0
PBX3,0.0
PDPK1,0.0
