nodes,0
_t,32.0
CSNK2A1,32.0
TP53,32.0
_s,32.0
MAPK1,31.0
ESR1,31.0
CDK1,31.0
AKT1,31.0
E2F1,31.0
SRC,31.0
EGFR,30.0
CREBBP,30.0
MAPK14,30.0
ABL1,29.0
MAPK3,29.0
SMAD3,29.0
AKT2,28.0
MAP2K1,28.0
CDK2,26.0
PRKDC,26.0
RELA,26.0
PRKACA,25.0
MAX,25.0
PRKCD,25.0
EP300,25.0
GSK3B,24.0
ITGB4,24.0
CDK5,24.0
FOXM1,24.0
STAT1,23.0
JUN,23.0
RUNX1,23.0
FOXA1,23.0
RARA,22.0
EGR1,22.0
AKT3,22.0
ARNT,22.0
AR,22.0
STAT3,22.0
IRF3,22.0
MNT,21.0
HSF1,21.0
YAP1,21.0
PTPN6,20.0
SOX2,19.0
BRCA1,19.0
RPS6KA3,19.0
SREBF2,19.0
HIF1A,19.0
SMAD2,19.0
UBE2I,19.0
ATR,19.0
RB1,19.0
SREBF1,18.0
ERBB2,18.0
SMAD4,18.0
RET,18.0
MAZ,17.0
TCF3,17.0
AURKB,17.0
MYC,16.0
PIK3CA,16.0
GATA2,16.0
PPP2CA,16.0
BRAF,16.0
PDGFRB,16.0
SRF,16.0
ATF4,16.0
TGFA,16.0
CTCF,16.0
FOXL2,16.0
ETS1,16.0
EPAS1,15.0
NR2F2,15.0
ZEB1,15.0
EGLN3,15.0
KDR,15.0
CLOCK,15.0
KMT2A,15.0
HNF4A,14.0
CSK,14.0
TEAD1,14.0
HGF,14.0
NR3C1,14.0
GATA3,14.0
PDGFRA,14.0
NCOA2,14.0
RHOA,13.0
PPARG,13.0
TAL1,13.0
CEBPA,13.0
E2F4,13.0
MAPK8,13.0
FGFR4,13.0
NR4A1,12.0
CIITA,12.0
KAT2B,12.0
NCOA1,12.0
XPC,12.0
CTNNB1,12.0
SMARCA4,12.0
MEF2A,12.0
FLT4,12.0
POU2F1,11.0
BCR,11.0
ROCK2,11.0
LYN,11.0
IRF4,11.0
NFE2L2,11.0
REL,11.0
STAT5A,11.0
FGFR1,11.0
FLT1,11.0
RACK1,11.0
GABPA,11.0
LATS2,11.0
SP1,11.0
IRF1,11.0
MET,11.0
SPI1,11.0
ARNTL,11.0
RFX5,11.0
TBK1,11.0
HMGB1,10.0
HSP90AB1,10.0
RAC1,10.0
BHLHE40,10.0
LCK,10.0
JUNB,10.0
RAF1,10.0
KLF5,10.0
ATF2,10.0
PTPRJ,10.0
FLT3,10.0
RELB,10.0
NFYA,10.0
RUNX2,10.0
STAT2,10.0
PTPRC,10.0
FOXA2,10.0
AURKA,9.0
ZHX1,9.0
PGR,9.0
MED1,9.0
E2F3,9.0
IRF9,9.0
RXRA,9.0
NCOA3,9.0
FYN,9.0
IRF2,9.0
NR1H3,9.0
ATF3,9.0
NR2F1,9.0
GATA6,9.0
ETS2,9.0
KLF13,9.0
TCF4,9.0
E2F2,8.0
FOXK2,8.0
TP73,8.0
MXI1,8.0
ELK1,8.0
CDX2,8.0
NFKB1,8.0
FOS,8.0
SUMO1,8.0
SKI,8.0
SMAD5,8.0
KLF1,8.0
SP3,8.0
FOSL1,7.0
STK11,7.0
ETV4,7.0
HIPK2,7.0
ZNF274,7.0
NR2C2,7.0
PLK1,7.0
OPRM1,7.0
TWIST1,7.0
SIAH1,7.0
PPARD,7.0
HOXA9,7.0
NR1H2,7.0
PLD2,7.0
FOXO1,7.0
NGFR,7.0
MSH2,7.0
CAMP,7.0
BCL6,7.0
NPM1,7.0
PRKACB,7.0
STX1A,7.0
MYBL2,7.0
STAT5B,7.0
PAX6,7.0
ADCY5,7.0
GNAI3,7.0
UBR5,6.0
NFATC1,6.0
TCF7L2,6.0
HOXD9,6.0
MEIS1,6.0
ATF7,6.0
PTPRH,6.0
MEF2B,6.0
CBL,6.0
GATA1,6.0
CSF1R,6.0
TEK,6.0
NRF1,6.0
SOX6,6.0
IFIH1,6.0
PROX1,6.0
MITF,6.0
FLI1,6.0
PTK2,6.0
CASP6,6.0
PAK1,6.0
KDM5B,6.0
TRIM25,6.0
HBP1,6.0
MYOD1,6.0
ELF3,6.0
PARP1,6.0
NPAT,5.0
TFDP1,5.0
TEAD4,5.0
ELF1,5.0
CREM,5.0
NFKB2,5.0
CTNND1,5.0
CEBPB,5.0
TEAD2,5.0
SPIB,5.0
RPS6KB1,5.0
TCF7,5.0
TBX21,5.0
NEUROD1,5.0
SATB1,5.0
DDX58,5.0
KLF4,5.0
PKIA,5.0
BLK,5.0
PRDM1,5.0
BCL2,5.0
HINFP,5.0
ZBTB33,5.0
MAFK,4.0
FLNA,4.0
GLI2,4.0
HDAC3,4.0
HSP90AA1,4.0
FGFR3,4.0
HIC1,4.0
CREB1,4.0
E2F5,4.0
AHR,4.0
PIAS1,4.0
NFE2L1,4.0
YY1,4.0
SOX9,4.0
ATF6,4.0
HHEX,4.0
POU5F1,4.0
ZEB2,4.0
TRAF2,4.0
ABL2,3.0
FOXO4,3.0
SMAD1,3.0
NR2F6,3.0
NFIB,3.0
RBPJ,3.0
PRKAA1,3.0
EREG,3.0
TFAP2A,3.0
TBP,3.0
ADAM17,3.0
SYK,3.0
FOXO3,3.0
FOSL2,3.0
NR5A2,3.0
ETV1,3.0
SIRT1,3.0
NFIC,3.0
ESRRA,3.0
PPARGC1A,3.0
MST1R,3.0
ERBB4,3.0
MEF2C,3.0
IKZF1,3.0
TP63,3.0
CUX1,3.0
TYK2,3.0
SNAI1,3.0
STAT4,3.0
PTEN,3.0
MAF,3.0
KIT,3.0
EPHA2,3.0
WT1,3.0
FGFR2,2.0
NFYB,2.0
GRK2,2.0
LEF1,2.0
CD44,2.0
ARHGEF1,2.0
CDK3,2.0
ROCK1,2.0
ASCL1,2.0
ARID3A,2.0
STAT6,2.0
CDKN1A,2.0
NOTCH2,2.0
DTX1,2.0
ESR2,2.0
JUND,2.0
DAG1,2.0
CAV1,2.0
ATF1,2.0
CHUK,2.0
ELK4,2.0
MMP14,2.0
PPARA,2.0
OTX2,2.0
DDIT3,2.0
PRKCA,2.0
_pert_CABOZANTINIB,1.0
_pert_BAFETINIB,1.0
_meas_BAFETINIB,1.0
_pert_BOSUTINIB,1.0
_meas_BOSUTINIB,1.0
_pert_CEDIRANIB,1.0
_meas_CABOZANTINIB,1.0
_meas_CRIZOTINIB,1.0
_meas_CEDIRANIB,1.0
_pert_CRENOLANIB,1.0
_pert_CRIZOTINIB,1.0
_pert_DACOMITINIB,1.0
_meas_CRENOLANIB,1.0
_pert_KW2449,1.0
_meas_DACOMITINIB,1.0
_pert_NERATINIB,1.0
_pert_NILOTINIB,1.0
_meas_NILOTINIB,1.0
_pert_OSIMERTINIB,1.0
_meas_OSIMERTINIB,1.0
_pert_PONATINIB,1.0
_meas_PONATINIB,1.0
_pert_QUIZARTINIB,1.0
_meas_QUIZARTINIB,1.0
_pert_REGORAFENIB,1.0
_meas_REGORAFENIB,1.0
_pert_SORAFENIB,1.0
_meas_SORAFENIB,1.0
_pert_SUNITINIB,1.0
_meas_SUNITINIB,1.0
_pert_TIVANTINIB,1.0
_meas_TIVANTINIB,1.0
_pert_VANDETANIB,1.0
_meas_VANDETANIB,1.0
_pert_VARLITINIB,1.0
_meas_NERATINIB,1.0
_meas_MK2206,1.0
_pert_DASATINIB,1.0
_pert_MK2206,1.0
_meas_DASATINIB,1.0
_pert_DOVITINIB,1.0
_meas_DOVITINIB,1.0
_pert_FORETINIB,1.0
_meas_FORETINIB,1.0
_pert_GEFITINIB,1.0
_meas_GEFITINIB,1.0
_pert_ICOTINIB,1.0
_meas_ICOTINIB,1.0
_pert_IMATINIB,1.0
_meas_IMATINIB,1.0
_pert_AZD5363,1.0
_meas_KW2449,1.0
_pert_LAPATINIB,1.0
_meas_LAPATINIB,1.0
_pert_LINIFANIB,1.0
_meas_LINIFANIB,1.0
_pert_MGCD265,1.0
_meas_MGCD265,1.0
_meas_AZD5363,1.0
HCK,1.0
_meas_VARLITINIB,1.0
_meas_AEE788,1.0
USF1,1.0
FRK,1.0
FGR,1.0
CDK4,1.0
RUNX3,1.0
VDR,1.0
CDKN2C,1.0
ALK,1.0
_pert_AEE788,1.0
XBP1,1.0
_meas_AFATINIB,1.0
AXL,1.0
YES1,1.0
_pert_AFATINIB,1.0
PPP2CB,0.0
PLAU,0.0
CRY1,0.0
ESPL1,0.0
RAD21,0.0
THRA,0.0
PKNOX1,0.0
AREG,0.0
SET,0.0
KNG1,0.0
RPS6KA2,0.0
F2RL1,0.0
GNAI1,0.0
CHAT,0.0
CTSG,0.0
MAPK11,0.0
RALA,0.0
MAP2K4,0.0
TFAP4,0.0
MAP3K1,0.0
BMPR2,0.0
TRPC1,0.0
CHEK1,0.0
XIAP,0.0
CHRM1,0.0
PTGS2,0.0
PAX5,0.0
ACVR1,0.0
EZH2,0.0
REST,0.0
HNF1B,0.0
MBD1,0.0
LYL1,0.0
USF2,0.0
E2F7,0.0
ERG,0.0
KLF6,0.0
PBX3,0.0
POU4F2,0.0
EBF1,0.0
POU2F2,0.0
RFX1,0.0
SP4,0.0
GFI1B,0.0
ONECUT1,0.0
MYCN,0.0
SP2,0.0
EGF,0.0
KRT1,0.0
E2F6,0.0
BDKRB2,0.0
PLAUR,0.0
MEIS2,0.0
PIK3R1,0.0
MAFG,0.0
ETV6,0.0
HSPA5,0.0
MDM2,0.0
RALGDS,0.0
PRKCZ,0.0
PDPK1,0.0
BACH1,0.0
KEAP1,0.0
