nodes,0
MAPK1,32.0
MAPK14,32.0
MAPK3,32.0
_t,32.0
_s,32.0
AKT1,31.0
CSNK2A1,30.0
EGFR,30.0
TP53,30.0
CDK2,30.0
CREBBP,29.0
AKT2,29.0
EP300,28.0
PRKACA,28.0
SMAD3,28.0
RELA,28.0
MAX,27.0
ABL1,27.0
SRC,27.0
RB1,27.0
RET,26.0
PRKCD,26.0
GSK3B,26.0
ESR1,26.0
EGR1,25.0
STAT1,25.0
CBL,24.0
SMAD4,24.0
JUN,24.0
AR,23.0
STK11,23.0
MAPK8,22.0
YAP1,22.0
CSK,22.0
IRF3,22.0
FOXA1,22.0
PDGFRB,21.0
PRKAA1,21.0
CTNNB1,21.0
MNT,21.0
E2F1,20.0
PTPN1,20.0
CDK1,20.0
MYC,20.0
HIF1A,19.0
LYN,19.0
SREBF2,19.0
SOX2,19.0
NR2F2,19.0
PARP1,18.0
SREBF1,18.0
CDKN1A,18.0
CEBPA,18.0
SMAD1,18.0
MAP2K1,18.0
PIK3R1,18.0
ATR,17.0
NR3C1,17.0
NCOA1,17.0
MAZ,17.0
ETS1,16.0
FOXL2,16.0
MAPKAPK2,16.0
RPS6KA2,16.0
GATA2,16.0
SRF,16.0
SPI1,16.0
ARNT,16.0
ATF4,16.0
CTCF,16.0
UBE2I,16.0
FLT3,16.0
EGLN2,15.0
TCF3,15.0
ZEB1,15.0
ARNTL,15.0
HSF1,15.0
EPAS1,15.0
RPS6KA3,15.0
PRKCA,15.0
ITGB4,15.0
RUNX1,15.0
KMT2A,15.0
MET,14.0
NCOA2,14.0
RARA,14.0
NFKB1,14.0
MYOD1,14.0
PPARG,14.0
TEAD1,14.0
FLT4,14.0
PRKCZ,14.0
TAL1,14.0
JAK1,14.0
FOXM1,14.0
GATA3,14.0
TAB1,14.0
THRA,14.0
STAT3,14.0
KDR,13.0
PPP2CA,13.0
HNF4A,13.0
RACK1,13.0
E2F4,13.0
FRS2,13.0
BHLHE40,13.0
EGF,13.0
AKT3,12.0
SMARCA4,12.0
HSPB1,12.0
E2F2,12.0
RBX1,12.0
CIITA,12.0
PDGFRA,12.0
CEBPB,12.0
BRAF,12.0
MEF2A,12.0
GABPA,11.0
IKBKE,11.0
NFE2L2,11.0
DDX58,11.0
ROCK2,11.0
PIK3CA,11.0
IRF1,11.0
IRF4,11.0
YWHAZ,11.0
FLT1,11.0
RFX5,11.0
FOXA2,11.0
REL,11.0
SP1,11.0
FGFR1,10.0
KIT,10.0
SIRT1,10.0
KAT2B,10.0
NFYA,10.0
STAT2,10.0
GSK3A,10.0
MAPK9,10.0
JUNB,10.0
RUNX2,10.0
PAK1,10.0
RAC1,10.0
TOPBP1,10.0
CAV1,10.0
RELB,10.0
RAF1,10.0
KLF5,10.0
PKIA,9.0
POU2F1,9.0
ZHX1,9.0
TCF4,9.0
ETS2,9.0
ATF3,9.0
IRF2,9.0
E2F3,9.0
XIAP,9.0
KLF13,9.0
ITGAM,9.0
RPS6KA5,9.0
IRF9,9.0
CAPN1,9.0
NR2F1,9.0
PTK2,9.0
NCOA3,9.0
PTPN6,9.0
PGR,9.0
GATA6,9.0
ERBB2,9.0
TFDP1,9.0
RPS6KB1,8.0
ESR2,8.0
SKI,8.0
LCK,8.0
FOS,8.0
SP3,8.0
PLK1,8.0
CDX2,8.0
SMAD5,8.0
MXI1,8.0
ELK1,8.0
RHOA,8.0
KLF1,8.0
FOXK2,8.0
PRKACB,7.0
HOXA9,7.0
FOSL1,7.0
PAX6,7.0
ETV4,7.0
GSTP1,7.0
NGFR,7.0
PRKDC,7.0
NR1H2,7.0
FYN,7.0
TRAF2,7.0
NR2C2,7.0
ZNF274,7.0
MYBL2,7.0
PRKAR2B,7.0
FOXO1,7.0
EZH2,7.0
TWIST1,7.0
HMGB1,7.0
MEIS1,7.0
HOXD9,7.0
ATF2,7.0
TEK,6.0
MAPK6,6.0
IFIH1,6.0
RXRA,6.0
BLK,6.0
GATA1,6.0
NFATC1,6.0
STAT5B,6.0
HBP1,6.0
KDM5B,6.0
NRF1,6.0
ELF3,6.0
MITF,6.0
CREM,6.0
TCF7L2,6.0
CHEK2,6.0
ATF7,6.0
MAPK11,6.0
PROX1,6.0
SOX6,6.0
NPAT,5.0
PRDM1,5.0
NR1H3,5.0
LIFR,5.0
JAK2,5.0
TEAD4,5.0
HINFP,5.0
NFKB2,5.0
MEF2B,5.0
KLF4,5.0
HGF,5.0
TEAD2,5.0
TBX21,5.0
RASGRF1,5.0
PIAS1,5.0
CASP6,5.0
SPIB,5.0
NEUROD1,5.0
CSF1R,5.0
BCR,5.0
ELF1,5.0
BCL6,5.0
SMURF2,5.0
SATB1,5.0
SUMO1,5.0
NR4A1,5.0
CASP9,5.0
SHC1,5.0
ATF6,5.0
TCF7,5.0
EPHA2,5.0
BECN1,4.0
CTNND1,4.0
CLOCK,4.0
HSP90AB1,4.0
ZBTB33,4.0
CTBP1,4.0
YY1,4.0
HIC1,4.0
NR2F6,4.0
HDAC3,4.0
SOX9,4.0
HHEX,4.0
PER2,4.0
ZEB2,4.0
CUX1,4.0
E2F5,4.0
ROCK1,4.0
POU5F1,4.0
GLI2,4.0
MAPK13,4.0
AHR,4.0
ESRRA,4.0
CREB1,4.0
MAFK,4.0
PPARGC1A,4.0
FLI1,3.0
NPM1,3.0
STAT4,3.0
WT1,3.0
PPP2R5C,3.0
MAF,3.0
BRCA1,3.0
FOXO4,3.0
NFIC,3.0
FOXO3,3.0
NFIB,3.0
ETV1,3.0
NR5A2,3.0
NFE2L1,3.0
TFAP2A,3.0
TP63,3.0
FOSL2,3.0
IKZF1,3.0
SNAI1,3.0
RBPJ,3.0
FGFR4,3.0
TBP,3.0
VEGFA,3.0
PPP1CA,3.0
STAT5A,3.0
TET2,3.0
MEF2C,3.0
NOTCH2,2.0
AREG,2.0
CCND3,2.0
FGFR3,2.0
PPARA,2.0
DTX1,2.0
ATF1,2.0
OTX2,2.0
JUND,2.0
ARID3A,2.0
NFYB,2.0
TP73,2.0
ASCL1,2.0
BTRC,2.0
FGFR2,2.0
ELK4,2.0
LEF1,2.0
_meas_DASATINIB,1.0
_pert_DACOMITINIB,1.0
_pert_DOVITINIB,1.0
_meas_CRIZOTINIB,1.0
_pert_DASATINIB,1.0
_meas_DACOMITINIB,1.0
_meas_CABOZANTINIB,1.0
_pert_CRIZOTINIB,1.0
_meas_CRENOLANIB,1.0
_pert_CRENOLANIB,1.0
_meas_CEDIRANIB,1.0
_pert_CEDIRANIB,1.0
_pert_FORETINIB,1.0
_pert_CABOZANTINIB,1.0
_meas_BOSUTINIB,1.0
_pert_BOSUTINIB,1.0
_meas_BAFETINIB,1.0
_pert_BAFETINIB,1.0
_meas_AZD5363,1.0
_pert_AZD5363,1.0
_meas_AFATINIB,1.0
_meas_DOVITINIB,1.0
_pert_AEE788,1.0
_meas_FORETINIB,1.0
_pert_SORAFENIB,1.0
_meas_OSIMERTINIB,1.0
_pert_PONATINIB,1.0
_meas_PONATINIB,1.0
_pert_QUIZARTINIB,1.0
_meas_QUIZARTINIB,1.0
_pert_REGORAFENIB,1.0
_meas_REGORAFENIB,1.0
_meas_SORAFENIB,1.0
_meas_NILOTINIB,1.0
_pert_SUNITINIB,1.0
_meas_SUNITINIB,1.0
_pert_TIVANTINIB,1.0
_meas_TIVANTINIB,1.0
_pert_VANDETANIB,1.0
_meas_VANDETANIB,1.0
_pert_VARLITINIB,1.0
_pert_OSIMERTINIB,1.0
_pert_NILOTINIB,1.0
_pert_GEFITINIB,1.0
_pert_LAPATINIB,1.0
_meas_GEFITINIB,1.0
_pert_ICOTINIB,1.0
_meas_ICOTINIB,1.0
_pert_IMATINIB,1.0
_pert_AFATINIB,1.0
_pert_KW2449,1.0
_meas_KW2449,1.0
_meas_LAPATINIB,1.0
_meas_NERATINIB,1.0
_pert_LINIFANIB,1.0
_meas_LINIFANIB,1.0
_pert_MGCD265,1.0
_meas_MGCD265,1.0
_pert_MK2206,1.0
_meas_MK2206,1.0
_pert_NERATINIB,1.0
_meas_IMATINIB,1.0
_meas_VARLITINIB,1.0
ALK,1.0
CSNK2B,1.0
VDR,1.0
HCK,1.0
AXL,1.0
YES1,1.0
HIPK2,1.0
CASP8,1.0
FRK,1.0
PTEN,1.0
CHUK,1.0
XBP1,1.0
ERBB4,1.0
FGR,1.0
_meas_AEE788,1.0
CDK4,1.0
PTPRA,1.0
GRB2,1.0
RUNX3,1.0
TGFB1,1.0
AURKB,1.0
USF1,1.0
MST1R,1.0
VAV2,0.0
MED1,0.0
EIF5,0.0
ILK,0.0
PLG,0.0
MMP9,0.0
TFAP4,0.0
PKNOX1,0.0
ITGB3,0.0
GNAI1,0.0
CDH1,0.0
HSP90AA1,0.0
DDIT3,0.0
SET,0.0
RGS19,0.0
MYB,0.0
SMO,0.0
ABL2,0.0
VAV1,0.0
NFATC2,0.0
CAMP,0.0
GNAQ,0.0
PLCB2,0.0
CBX4,0.0
PPP2CB,0.0
ONECUT1,0.0
EIF2S1,0.0
MEIS2,0.0
PBX3,0.0
POU4F2,0.0
ANXA1,0.0
EBF1,0.0
POU2F2,0.0
FPR1,0.0
GNAZ,0.0
GFI1B,0.0
E2F6,0.0
PAX5,0.0
SP4,0.0
RFX1,0.0
F2RL1,0.0
IKBKB,0.0
ERG,0.0
E2F7,0.0
LYL1,0.0
KLF6,0.0
ADCY5,0.0
FN1,0.0
EGLN3,0.0
HDAC1,0.0
MBD1,0.0
MAFG,0.0
PPARD,0.0
SYN1,0.0
PRKCE,0.0
BACH1,0.0
STK36,0.0
USF2,0.0
ETV6,0.0
SP2,0.0
MYCN,0.0
REST,0.0
HNF1B,0.0
TIMP1,0.0
KEAP1,0.0
AURKA,0.0
