nodes,0
MAPK3,32.0
MAPK1,32.0
SRC,32.0
_t,32.0
AKT2,32.0
_s,32.0
MAPK8,32.0
MAPK14,31.0
CSNK2A1,30.0
STAT3,29.0
E2F1,28.0
SMAD3,28.0
CREBBP,28.0
CDK2,27.0
PPP2CA,27.0
ESR1,27.0
EGFR,27.0
TP53,27.0
ABL1,26.0
PRKACA,26.0
CHUK,26.0
VEGFA,25.0
JUN,25.0
MAX,25.0
IRF3,25.0
MYC,24.0
AKT1,24.0
CDK1,24.0
E2F4,24.0
FOXA1,23.0
RELA,23.0
SIRT1,23.0
EGR1,22.0
AR,22.0
RET,22.0
YAP1,22.0
ARNT,22.0
MNT,21.0
FOXM1,21.0
CSK,21.0
HIF1A,21.0
IRAK1,21.0
HSF1,20.0
TCF3,20.0
GSK3B,20.0
EP300,20.0
MAP2K1,20.0
SMAD4,19.0
SREBF2,19.0
UBE2I,19.0
SOX2,19.0
PPARG,19.0
SREBF1,18.0
SMAD2,18.0
CEBPB,18.0
ITGB4,18.0
MAZ,17.0
ATF4,16.0
RARA,16.0
ERBB2,16.0
SRF,16.0
STAT1,16.0
ETS1,16.0
FOXL2,16.0
CTCF,16.0
GATA2,16.0
NR4A1,16.0
EPAS1,15.0
EGLN1,15.0
RB1,15.0
NR2F2,15.0
PDGFRA,15.0
NCOA1,15.0
ZEB1,15.0
HNF4A,14.0
RPS6KA2,14.0
FYN,14.0
TEAD1,14.0
GATA3,14.0
NFKB2,14.0
NCOA2,14.0
TAL1,14.0
MEF2A,13.0
MYOD1,13.0
CTNNB1,13.0
KAT2B,13.0
AXIN1,13.0
AURKB,13.0
NR2C2,12.0
BRAF,12.0
NFYA,12.0
CEBPA,12.0
FLT3,12.0
BHLHE40,12.0
KDR,12.0
CASP3,12.0
PRKCA,12.0
FOS,12.0
FLT1,11.0
RUNX1,11.0
ROCK2,11.0
NR3C1,11.0
REL,11.0
SPI1,11.0
SMARCA4,11.0
IRF1,11.0
FOXA2,11.0
IRF4,11.0
NFE2L2,11.0
KIT,11.0
BRCA1,11.0
FLT4,11.0
GABPA,11.0
SP1,11.0
RFX5,11.0
CIITA,11.0
POU2F1,11.0
FOXO1,11.0
RHOA,11.0
ARNTL,11.0
AKT3,11.0
IKBKE,10.0
RUNX2,10.0
ABL2,10.0
TICAM1,10.0
PIK3CA,10.0
JUNB,10.0
SUMO1,10.0
PDGFRB,10.0
KLF5,10.0
SMAD5,10.0
RELB,10.0
STAT2,10.0
NCOA3,9.0
PGR,9.0
IRF9,9.0
NR2F1,9.0
PARP1,9.0
JAK2,9.0
TEK,9.0
E2F3,9.0
MED1,9.0
PER2,9.0
HDAC1,9.0
TRAF6,9.0
IRF2,9.0
PRKDC,9.0
MAPK10,9.0
ZHX1,9.0
AURKA,9.0
TCF4,9.0
GATA6,9.0
KLF13,9.0
ATF3,9.0
ETS2,9.0
TAB2,9.0
ELK1,8.0
NFKB1,8.0
MAPK9,8.0
E2F2,8.0
MXI1,8.0
FOXK2,8.0
TWIST1,8.0
CDX2,8.0
LCK,8.0
KLF1,8.0
MAPK8IP3,8.0
SP3,8.0
CCNE1,7.0
GNG12,7.0
PAX6,7.0
GRK2,7.0
HOXD9,7.0
HOXA9,7.0
LYN,7.0
NGFR,7.0
MEIS1,7.0
HMGB1,7.0
ITCH,7.0
STAT5B,7.0
CDK5,7.0
PRKACB,7.0
ATR,7.0
PKIA,7.0
CLOCK,7.0
IGF1R,7.0
NR1H2,7.0
BCL6,7.0
AGTR1,7.0
PRKAR2B,7.0
MYBL2,7.0
STK11,7.0
ATF2,7.0
ETV4,7.0
ZNF274,7.0
EZH2,7.0
KMT2A,7.0
STAT6,7.0
SOX6,6.0
PROX1,6.0
GATA1,6.0
CREM,6.0
MEF2B,6.0
RXRA,6.0
PAK1,6.0
SKI,6.0
HBP1,6.0
FOSL1,6.0
MITF,6.0
ATF7,6.0
RPS6KB1,6.0
ELF3,6.0
NFATC1,6.0
KDM5B,6.0
NRF1,6.0
TCF7L2,6.0
SATB1,5.0
TFDP1,5.0
PRKAA1,5.0
SHC1,5.0
TEAD4,5.0
FGFR1,5.0
TBX21,5.0
ATF6,5.0
TAB1,5.0
ZBTB33,5.0
TCF7,5.0
GRAP,5.0
PIK3CG,5.0
PTPN6,5.0
CASP6,5.0
CSF1R,5.0
KEAP1,5.0
MET,5.0
TYK2,5.0
ELF1,5.0
TP73,5.0
CTNND1,5.0
NR1H3,5.0
NEUROD1,5.0
TEAD2,5.0
MAFK,4.0
PRDM1,4.0
PPARGC1A,4.0
HIC1,4.0
CREB1,4.0
NFE2L1,4.0
GLI2,4.0
YY1,4.0
PTPRO,4.0
ESRRA,4.0
CAPN1,4.0
HSP90AA1,4.0
CUX1,4.0
PXN,4.0
YES1,4.0
POU5F1,4.0
KLF4,4.0
SPIB,4.0
RAF1,4.0
HHEX,4.0
AHR,4.0
ZEB2,4.0
ITGA6,4.0
AXL,4.0
E2F5,4.0
ITGB3,4.0
FOXO3,3.0
NOTCH1,3.0
TFAP2A,3.0
APP,3.0
FLI1,3.0
UVRAG,3.0
GAPDH,3.0
FOXO4,3.0
BECN1,3.0
SOX9,3.0
STAT4,3.0
SMAD1,3.0
NR2F6,3.0
TBP,3.0
EIF2A,3.0
NPAT,3.0
HINFP,3.0
ETV1,3.0
FOSL2,3.0
IKZF1,3.0
PPP1CA,3.0
MAF,3.0
MEF2C,3.0
BMP4,3.0
RBPJ,3.0
PRKCD,3.0
SNAI1,3.0
STAT5A,3.0
HIPK2,3.0
FGFR2,3.0
NFIC,3.0
NFIB,3.0
NR5A2,3.0
HCK,3.0
FGFR3,2.0
LEF1,2.0
BMPR1B,2.0
PPARA,2.0
TIMP1,2.0
TP63,2.0
WT1,2.0
JUND,2.0
ARID3A,2.0
DDIT3,2.0
ESR2,2.0
MMP9,2.0
FBXW7,2.0
FGFR4,2.0
PPP2R2A,2.0
BCR,2.0
TGFB1,2.0
SMURF2,2.0
AIMP1,2.0
ASCL1,2.0
DTX1,2.0
NFYB,2.0
ATF1,2.0
RPS6KA5,2.0
OTX2,2.0
_meas_QUIZARTINIB,1.0
_pert_REGORAFENIB,1.0
_meas_REGORAFENIB,1.0
_pert_CABOZANTINIB,1.0
_pert_QUIZARTINIB,1.0
_meas_CRENOLANIB,1.0
_pert_CRENOLANIB,1.0
_meas_CEDIRANIB,1.0
_pert_CEDIRANIB,1.0
_meas_CABOZANTINIB,1.0
_pert_SORAFENIB,1.0
_meas_IMATINIB,1.0
_meas_SORAFENIB,1.0
_pert_PONATINIB,1.0
_pert_SUNITINIB,1.0
_meas_SUNITINIB,1.0
_pert_TIVANTINIB,1.0
_meas_BOSUTINIB,1.0
_meas_TIVANTINIB,1.0
_pert_VANDETANIB,1.0
_meas_VANDETANIB,1.0
_pert_VARLITINIB,1.0
_pert_BOSUTINIB,1.0
_meas_BAFETINIB,1.0
_pert_BAFETINIB,1.0
_meas_AZD5363,1.0
_pert_AZD5363,1.0
_meas_PONATINIB,1.0
_meas_NILOTINIB,1.0
_meas_OSIMERTINIB,1.0
_pert_CRIZOTINIB,1.0
_pert_AFATINIB,1.0
_pert_IMATINIB,1.0
_meas_ICOTINIB,1.0
_meas_KW2449,1.0
_pert_ICOTINIB,1.0
_meas_GEFITINIB,1.0
_pert_GEFITINIB,1.0
_meas_FORETINIB,1.0
_pert_LAPATINIB,1.0
_pert_FORETINIB,1.0
_meas_DOVITINIB,1.0
_pert_DOVITINIB,1.0
_meas_DASATINIB,1.0
_meas_LAPATINIB,1.0
_pert_LINIFANIB,1.0
_meas_LINIFANIB,1.0
_pert_MGCD265,1.0
_meas_MGCD265,1.0
_pert_DASATINIB,1.0
_meas_DACOMITINIB,1.0
_pert_MK2206,1.0
_pert_DACOMITINIB,1.0
_meas_MK2206,1.0
_pert_NERATINIB,1.0
_meas_NERATINIB,1.0
_meas_CRIZOTINIB,1.0
_pert_NILOTINIB,1.0
_pert_KW2449,1.0
_pert_OSIMERTINIB,1.0
_meas_AFATINIB,1.0
_meas_VARLITINIB,1.0
_pert_AEE788,1.0
_meas_AEE788,1.0
CDK4,1.0
MST1R,1.0
ALK,1.0
RUNX3,1.0
ELK4,1.0
VDR,1.0
ACVR1,1.0
TLE1,1.0
VAV1,1.0
ROCK1,1.0
TBK1,1.0
USF1,1.0
FRK,1.0
FGR,1.0
RAC1,1.0
BLK,1.0
XBP1,1.0
MAVS,1.0
EPHA2,1.0
PTEN,0.0
EXOC2,0.0
MAML1,0.0
PKNOX1,0.0
CASP8,0.0
BCL3,0.0
TFAP4,0.0
ERG,0.0
GHR,0.0
STK24,0.0
PIK3R1,0.0
RALGDS,0.0
IFI16,0.0
PROKR1,0.0
EIF2S1,0.0
CCNH,0.0
GTF2H4,0.0
CASP10,0.0
PDPK1,0.0
CAV1,0.0
CUL1,0.0
TRPC1,0.0
TMEM173,0.0
GTF2H2,0.0
TOPBP1,0.0
HMGN1,0.0
MEIS2,0.0
BMPR2,0.0
USF2,0.0
ERBB4,0.0
KLF6,0.0
PBX3,0.0
POU4F2,0.0
EBF1,0.0
POU2F2,0.0
ONECUT1,0.0
MBD1,0.0
GFI1B,0.0
E2F6,0.0
PAX5,0.0
SP4,0.0
RFX1,0.0
LYL1,0.0
E2F7,0.0
PTPN1,0.0
PPP1CC,0.0
PSEN1,0.0
HNF1B,0.0
CDK8,0.0
GSK3A,0.0
EGLN2,0.0
HDAC3,0.0
MAFG,0.0
CHEK1,0.0
STK38,0.0
PPP1R9B,0.0
BACH1,0.0
BMPR1A,0.0
ETV6,0.0
SP2,0.0
MYCN,0.0
DUSP16,0.0
REST,0.0
RALA,0.0
