nodes,0
CSNK2A1,32.0
AKT2,32.0
MAPK1,32.0
_s,32.0
_t,32.0
MAPK3,32.0
EGFR,31.0
CDK1,31.0
AKT1,31.0
SMAD3,30.0
MAPK8,30.0
PRKACA,30.0
CREBBP,29.0
TP53,29.0
SRC,28.0
EGR1,28.0
RELA,28.0
JUN,28.0
CBL,28.0
MAPK14,27.0
ESR1,27.0
ITGB4,27.0
ABL1,26.0
PPP2CA,26.0
NR3C1,25.0
MAX,25.0
RET,24.0
AR,23.0
ARNT,23.0
FOXA1,23.0
EP300,22.0
CSK,22.0
SMAD4,22.0
IRF3,22.0
AREG,22.0
PPARG,22.0
YAP1,22.0
GSK3B,21.0
MYC,21.0
MNT,21.0
CTNNB1,21.0
STAT3,21.0
RB1,21.0
PRKAA1,21.0
TCF3,20.0
EGLN1,19.0
BRCA1,19.0
SOX2,19.0
UBE2I,19.0
SREBF2,19.0
HIF1A,19.0
CDK2,19.0
CEBPA,18.0
SREBF1,18.0
STK11,17.0
HSF1,17.0
MAZ,17.0
GATA2,16.0
PIK3CA,16.0
RPS6KA3,16.0
FOXL2,16.0
SRF,16.0
CTCF,16.0
NCOA1,16.0
VEGFA,16.0
ETS1,16.0
ATF4,16.0
HDAC1,15.0
EPAS1,15.0
FLT3,15.0
ZEB1,15.0
NR2F2,14.0
TAL1,14.0
ARNTL,14.0
FOXM1,14.0
TEAD1,14.0
STAT1,14.0
E2F4,14.0
KDR,14.0
HNF4A,14.0
NCOA2,14.0
GATA3,14.0
ERBB2,14.0
RARA,14.0
NTRK1,14.0
BHLHE40,14.0
MYOD1,13.0
CAV1,13.0
CASP9,13.0
NR4A1,13.0
PAK1,13.0
FGFR1,13.0
E2F3,13.0
PTPRJ,13.0
CHUK,13.0
MEF2A,12.0
EGF,12.0
CIITA,12.0
PTEN,12.0
NFE2L2,11.0
RFX5,11.0
FOXA2,11.0
POU2F1,11.0
SP1,11.0
TICAM1,11.0
TBK1,11.0
ROCK2,11.0
SKI,11.0
FLT4,11.0
SMARCA4,11.0
RBPJ,11.0
GABPA,11.0
REL,11.0
IRF4,11.0
SPI1,11.0
IRF1,11.0
NFYA,10.0
STAT2,10.0
PDGFRA,10.0
CTBP1,10.0
FLT1,10.0
E2F1,10.0
KLF5,10.0
RUNX2,10.0
RELB,10.0
PDGFRB,10.0
JUNB,10.0
RUNX1,10.0
CDC25A,10.0
KAT2B,9.0
ETS2,9.0
TCF4,9.0
KLF13,9.0
ATF3,9.0
IRF9,9.0
LYN,9.0
IRF2,9.0
TFDP1,9.0
GSK3A,9.0
ZHX1,9.0
NCOA3,9.0
NR2F1,9.0
GATA6,9.0
KLF1,8.0
PKIA,8.0
GNAI1,8.0
FYN,8.0
ELK1,8.0
SMAD5,8.0
RPS6KB1,8.0
PGR,8.0
CDK4,8.0
FGR,8.0
MXI1,8.0
CDX2,8.0
PTHLH,8.0
PRLHR,8.0
SIRT1,8.0
CASP7,8.0
MET,8.0
NFKB1,8.0
NFKB2,8.0
SUMO1,8.0
CEBPB,8.0
E2F2,8.0
SP3,8.0
FOS,8.0
PRKDC,8.0
PAX7,7.0
FOXK2,7.0
NGFR,7.0
FGFR4,7.0
CSF1R,7.0
KMT2A,7.0
ALK,7.0
ZNF274,7.0
HOXA9,7.0
STAT5B,7.0
PRKACB,7.0
NR1H2,7.0
BCL6,7.0
GAPDH,7.0
EPHA2,7.0
APP,7.0
NR2C2,7.0
EZH2,7.0
ABL2,7.0
PRKAR1A,7.0
ARHGEF2,7.0
HCK,7.0
FOSL1,7.0
PLK1,7.0
ETV4,7.0
TWIST1,7.0
CASP6,7.0
ARHGAP1,7.0
CLOCK,7.0
PROX1,6.0
NFATC1,6.0
ATF7,6.0
RAF1,6.0
AKT3,6.0
STAT6,6.0
MEF2B,6.0
HOXD9,6.0
PAX6,6.0
FOXO1,6.0
HMGB1,6.0
FGFR2,6.0
LCK,6.0
CREM,6.0
NRF1,6.0
MYBL2,6.0
MEIS1,6.0
GATA1,6.0
ELF3,6.0
PARP1,6.0
HBP1,6.0
SOX6,6.0
RXRA,6.0
TCF7L2,6.0
KDM5B,6.0
ATF2,6.0
PRDM1,5.0
NR1H3,5.0
CTNND1,5.0
ELF1,5.0
ZBTB33,5.0
KLF4,5.0
NPAT,5.0
YES1,5.0
MAPK8IP3,5.0
TEAD2,5.0
MAPKAPK2,5.0
TBX21,5.0
HINFP,5.0
PER2,5.0
MITF,5.0
MAP2K2,5.0
NEUROD1,5.0
MST1R,5.0
SPIB,5.0
BRAF,5.0
ELAVL1,5.0
MAPK9,5.0
TEAD4,5.0
NOTCH1,5.0
ATF6,5.0
TCF7,5.0
FGFR3,5.0
CUX1,4.0
APEX1,4.0
ERBB4,4.0
TAB1,4.0
ZEB2,4.0
POU5F1,4.0
CDK5,4.0
MAFK,4.0
YY1,4.0
CREB1,4.0
HHEX,4.0
HSP90AA1,4.0
RHOA,4.0
GLI2,4.0
NR2F6,4.0
SOX9,4.0
PPARGC1A,4.0
E2F5,4.0
SATB1,4.0
ESRRA,4.0
HIC1,4.0
AHR,4.0
SMAD1,3.0
ETV1,3.0
NFE2L1,3.0
NFIB,3.0
TYK2,3.0
PIAS1,3.0
NFIC,3.0
TBP,3.0
CSNK2B,3.0
KIT,3.0
FOSL2,3.0
STAT4,3.0
IKZF1,3.0
MEF2C,3.0
LATS2,3.0
CAMK2A,3.0
MDM2,3.0
TP63,3.0
WT1,3.0
FLI1,3.0
STAT5A,3.0
FOXO4,3.0
NR5A2,3.0
FOXO3,3.0
TET2,3.0
SNAI1,3.0
TFAP2A,3.0
TEK,3.0
GTF2A2,3.0
PTPN1,2.0
OTX2,2.0
ATF1,2.0
NCOR1,2.0
TP73,2.0
LEF1,2.0
MAF,2.0
ITGA6,2.0
RPS6KA5,2.0
ESR2,2.0
NFYB,2.0
PRKCD,2.0
ASCL1,2.0
DTX1,2.0
JUND,2.0
ELK4,2.0
ARID3A,2.0
ITCH,2.0
PPARA,2.0
_meas_FORETINIB,1.0
_pert_FORETINIB,1.0
_meas_DACOMITINIB,1.0
_pert_DOVITINIB,1.0
_pert_GEFITINIB,1.0
_meas_GEFITINIB,1.0
_meas_DASATINIB,1.0
_pert_ICOTINIB,1.0
_meas_ICOTINIB,1.0
_pert_DASATINIB,1.0
_meas_DOVITINIB,1.0
_pert_AFATINIB,1.0
_pert_DACOMITINIB,1.0
_pert_CABOZANTINIB,1.0
_pert_AZD5363,1.0
_meas_AZD5363,1.0
_pert_BAFETINIB,1.0
_meas_BAFETINIB,1.0
_pert_BOSUTINIB,1.0
_meas_BOSUTINIB,1.0
_meas_CABOZANTINIB,1.0
_meas_CRIZOTINIB,1.0
_pert_CEDIRANIB,1.0
_meas_CEDIRANIB,1.0
_pert_CRENOLANIB,1.0
_meas_CRENOLANIB,1.0
_pert_CRIZOTINIB,1.0
_meas_IMATINIB,1.0
_pert_IMATINIB,1.0
_pert_LINIFANIB,1.0
_pert_KW2449,1.0
_meas_KW2449,1.0
_pert_VARLITINIB,1.0
_meas_VANDETANIB,1.0
_pert_VANDETANIB,1.0
_meas_TIVANTINIB,1.0
_pert_TIVANTINIB,1.0
_meas_SUNITINIB,1.0
_pert_SUNITINIB,1.0
_meas_SORAFENIB,1.0
_pert_SORAFENIB,1.0
_meas_REGORAFENIB,1.0
_pert_REGORAFENIB,1.0
_meas_QUIZARTINIB,1.0
_pert_QUIZARTINIB,1.0
_meas_PONATINIB,1.0
_pert_PONATINIB,1.0
_meas_OSIMERTINIB,1.0
_pert_OSIMERTINIB,1.0
_meas_NILOTINIB,1.0
_pert_NILOTINIB,1.0
_meas_NERATINIB,1.0
_pert_NERATINIB,1.0
_meas_MK2206,1.0
_pert_MK2206,1.0
_meas_MGCD265,1.0
_pert_MGCD265,1.0
_meas_LINIFANIB,1.0
USF1,1.0
_meas_LAPATINIB,1.0
_pert_LAPATINIB,1.0
_meas_AFATINIB,1.0
_meas_VARLITINIB,1.0
AURKB,1.0
ROCK1,1.0
VDR,1.0
AURKA,1.0
XBP1,1.0
AXL,1.0
_pert_AEE788,1.0
RUNX3,1.0
BLK,1.0
_meas_AEE788,1.0
TRAF3,0.0
THBS1,0.0
CAMK1,0.0
GABARAPL2,0.0
RBL2,0.0
PKMYT1,0.0
PKNOX1,0.0
TFAP4,0.0
AXIN1,0.0
COL1A2,0.0
MYB,0.0
JAK2,0.0
RACK1,0.0
JAK1,0.0
NOS1,0.0
CCND1,0.0
ONECUT1,0.0
CFL1,0.0
POU4F3,0.0
PRMT5,0.0
CALM3,0.0
HIPK2,0.0
CASP1,0.0
ATG3,0.0
CFLAR,0.0
NGF,0.0
DVL1,0.0
IKBKE,0.0
MED1,0.0
HTRA2,0.0
BMP4,0.0
ITGB1,0.0
SDC4,0.0
ITGA5,0.0
PTPN2,0.0
KHDRBS1,0.0
ARHGDIB,0.0
BIRC3,0.0
SQSTM1,0.0
BDNF,0.0
PBX3,0.0
POU4F2,0.0
PRKCA,0.0
DAG1,0.0
EBF1,0.0
POU2F2,0.0
ELANE,0.0
GFI1B,0.0
E2F6,0.0
PAX5,0.0
SP4,0.0
RFX1,0.0
FRK,0.0
SPHK2,0.0
ERG,0.0
E2F7,0.0
LYL1,0.0
KLF6,0.0
ID2,0.0
MEIS2,0.0
USF2,0.0
RIPK2,0.0
MBD1,0.0
MAFG,0.0
CHEK1,0.0
FGF2,0.0
HMGN1,0.0
PRKAR2B,0.0
BACH1,0.0
ACTA1,0.0
ETV6,0.0
SP2,0.0
MYCN,0.0
RAC1,0.0
BCR,0.0
REST,0.0
HNF1B,0.0
ATOH1,0.0
BMPR1B,0.0
