nodes,0
_t,32.0
_s,32.0
AKT1,32.0
MAPK14,32.0
MAPK1,31.0
TP53,31.0
SRC,31.0
CSNK2A1,31.0
RET,31.0
MAPK8,30.0
MAPK3,30.0
GSK3B,30.0
RELA,29.0
VEGFA,29.0
ITGB4,28.0
SMAD4,28.0
CDK1,28.0
EGFR,28.0
SIRT1,28.0
AR,27.0
SMAD3,27.0
E2F1,26.0
ESR1,26.0
EGR1,26.0
CSK,25.0
ABL1,25.0
MAX,24.0
FOXM1,24.0
PIK3CA,24.0
YAP1,24.0
HIF1A,24.0
STAT3,23.0
TCF3,23.0
UBE2I,23.0
CHEK2,23.0
JUN,23.0
FOXA1,23.0
PPARG,23.0
ARNT,22.0
PPP2CA,22.0
TRAF6,22.0
E2F4,22.0
CREBBP,22.0
IRF3,22.0
EP300,22.0
MAP2K1,21.0
IRAK1,21.0
ERBB2,21.0
RB1,21.0
MNT,21.0
FGFR4,21.0
STAT1,21.0
NR2C2,20.0
GATA2,20.0
FLT3,20.0
CDK2,19.0
BRCA1,19.0
SOX2,19.0
SREBF2,19.0
KAT2B,18.0
PRKACA,18.0
SREBF1,18.0
MDM2,18.0
AURKB,17.0
AKT2,17.0
BRAF,17.0
MAZ,17.0
TEAD1,17.0
MAPKAPK5,16.0
EIF2AK4,16.0
FOXL2,16.0
TGFB1,16.0
SRF,16.0
NR4A1,16.0
MYC,16.0
ACVR1,16.0
CBL,16.0
BMP2,16.0
DNAJC3,16.0
KLF4,16.0
MYOD1,16.0
ETS1,16.0
ATF4,16.0
SMAD5,16.0
E2F3,16.0
DNAJB1,16.0
EGLN3,15.0
NCOA1,15.0
EPAS1,15.0
TGFA,15.0
IKBKB,15.0
NR2F2,15.0
FYN,15.0
ZEB1,15.0
CTCF,15.0
RUNX1,14.0
SMARCA4,14.0
CTNNB1,14.0
GATA3,14.0
NCOA2,14.0
TAL1,14.0
RARA,14.0
HNF4A,14.0
FGR,13.0
IGF2BP1,13.0
FGFR1,13.0
PRKCA,13.0
CASP6,13.0
ATF2,13.0
BTRC,13.0
PER1,13.0
ARNTL,13.0
KIT,12.0
KDR,12.0
PDGFRA,12.0
NBN,12.0
FLT1,12.0
CIITA,12.0
CEBPA,12.0
RFX5,11.0
GATA1,11.0
FOXA2,11.0
ABL2,11.0
IRF1,11.0
HSF1,11.0
RHOA,11.0
TBK1,11.0
HSP90AA1,11.0
SPI1,11.0
SP1,11.0
NFE2L2,11.0
BHLHE40,11.0
GABPA,11.0
IRF4,11.0
ROCK2,11.0
REL,11.0
MEF2A,11.0
PDGFRB,11.0
PER2,10.0
PTPN1,10.0
POU2F1,10.0
FOXO3,10.0
JUNB,10.0
STAT2,10.0
NFYA,10.0
RUNX2,10.0
SMAD2,10.0
CEBPB,10.0
FLT4,10.0
RELB,10.0
PRKCD,10.0
KLF5,10.0
GATA6,9.0
IRF2,9.0
TCF4,9.0
HDAC1,9.0
SOX9,9.0
PGR,9.0
KLF13,9.0
PTPN22,9.0
NR2F1,9.0
NCOA3,9.0
ZHX1,9.0
ATF3,9.0
EIF2S1,9.0
PTK2,9.0
IRF9,9.0
RBPJ,9.0
LCK,9.0
ETS2,8.0
TP73,8.0
FOXK2,8.0
MAPK7,8.0
MAPK9,8.0
SP3,8.0
MAP2K5,8.0
GHR,8.0
PRKCZ,8.0
E2F2,8.0
CDX2,8.0
NFKB1,8.0
KLF1,8.0
FOS,8.0
HOXA9,7.0
HMGB1,7.0
NR1H2,7.0
MXI1,7.0
SUMO1,7.0
RAF1,7.0
ERBB4,7.0
BCL6,7.0
ARRB1,7.0
STAT5B,7.0
EIF2A,7.0
PAX7,7.0
KMT2A,7.0
MAPK10,7.0
FOSL1,7.0
MAP2K4,7.0
GNAI3,7.0
CAMP,7.0
ADCY5,7.0
ELK1,7.0
BECN1,7.0
PRKACB,7.0
PAX6,7.0
EZH2,7.0
PPP2R1A,7.0
TGFBR2,7.0
MYBL2,7.0
NGFR,7.0
ATM,7.0
STK11,7.0
ZNF274,7.0
CDKN2A,7.0
FOXO1,7.0
MEIS1,7.0
ETV4,7.0
TICAM1,7.0
HOXD9,7.0
CLOCK,7.0
HIPK2,7.0
ATF7,6.0
HBP1,6.0
NFATC1,6.0
DUSP16,6.0
MITF,6.0
TWIST1,6.0
TCF7L2,6.0
CASP7,6.0
MEF2B,6.0
NCOR2,6.0
PROX1,6.0
PARP1,6.0
CREM,6.0
ITCH,6.0
FGFR2,6.0
RXRA,6.0
RPS6KB1,6.0
KDM5B,6.0
SOX6,6.0
ELF3,6.0
SNW1,6.0
PAK1,6.0
TEAD4,5.0
ZBTB33,5.0
SATB1,5.0
CTNND1,5.0
PPARA,5.0
GSK3A,5.0
NRF1,5.0
CSF1R,5.0
HINFP,5.0
TEAD2,5.0
WWTR1,5.0
NFKB2,5.0
PRDM1,5.0
AXL,5.0
PIAS1,5.0
ELF1,5.0
NR1H3,5.0
MET,5.0
ATF6,5.0
NPAT,5.0
CDK5,5.0
TBX21,5.0
TCF7,5.0
AKT3,5.0
RACK1,5.0
CUX1,4.0
AHR,4.0
POU5F1,4.0
HHEX,4.0
MAVS,4.0
MED1,4.0
ZEB2,4.0
TFDP1,4.0
ESRRA,4.0
PPARGC1A,4.0
MAFK,4.0
NEUROD1,4.0
GLI2,4.0
YY1,4.0
CREB1,4.0
HIC1,4.0
RBL2,4.0
NR2F6,4.0
NFE2L1,4.0
E2F5,4.0
WT1,3.0
SPIB,3.0
NFIC,3.0
IKZF1,3.0
FOSL2,3.0
LYN,3.0
TYK2,3.0
FLI1,3.0
RPS6KA1,3.0
MAF,3.0
SNAI1,3.0
STAT5A,3.0
IFNB1,3.0
SMAD1,3.0
ETV1,3.0
FOXO4,3.0
BCR,3.0
TFAP2A,3.0
TP63,3.0
NFIB,3.0
MEF2C,3.0
NR5A2,3.0
NR3C1,3.0
TEK,3.0
IRF7,3.0
STAT4,3.0
OTX2,2.0
PTPRJ,2.0
ELK4,2.0
PPP2R5C,2.0
JUND,2.0
NOTCH2,2.0
TBP,2.0
HSPA5,2.0
ATF1,2.0
ARID3A,2.0
ESR2,2.0
PPP1CA,2.0
FGFR3,2.0
DTX1,2.0
PPP2CB,2.0
CRK,2.0
NFYB,2.0
ASCL1,2.0
LEF1,2.0
_pert_BAFETINIB,1.0
_pert_DOVITINIB,1.0
_meas_BAFETINIB,1.0
_pert_BOSUTINIB,1.0
_meas_BOSUTINIB,1.0
_pert_DASATINIB,1.0
_meas_DASATINIB,1.0
_pert_CABOZANTINIB,1.0
_meas_CABOZANTINIB,1.0
_pert_CEDIRANIB,1.0
_meas_CEDIRANIB,1.0
_pert_VANDETANIB,1.0
_pert_CRENOLANIB,1.0
_meas_CRENOLANIB,1.0
_pert_CRIZOTINIB,1.0
_meas_CRIZOTINIB,1.0
_pert_DACOMITINIB,1.0
_meas_DACOMITINIB,1.0
_meas_VANDETANIB,1.0
_meas_QUIZARTINIB,1.0
_meas_DOVITINIB,1.0
_meas_NERATINIB,1.0
_meas_OSIMERTINIB,1.0
_pert_OSIMERTINIB,1.0
_meas_NILOTINIB,1.0
_meas_KW2449,1.0
_pert_NILOTINIB,1.0
_pert_AZD5363,1.0
_pert_LAPATINIB,1.0
_meas_LAPATINIB,1.0
_pert_KW2449,1.0
_pert_LINIFANIB,1.0
_meas_LINIFANIB,1.0
_pert_NERATINIB,1.0
_meas_MK2206,1.0
_pert_MK2206,1.0
_pert_MGCD265,1.0
_meas_MGCD265,1.0
_pert_PONATINIB,1.0
_pert_VARLITINIB,1.0
_meas_TIVANTINIB,1.0
_pert_SORAFENIB,1.0
_pert_FORETINIB,1.0
_meas_FORETINIB,1.0
_pert_GEFITINIB,1.0
_pert_TIVANTINIB,1.0
_meas_SUNITINIB,1.0
_pert_SUNITINIB,1.0
_meas_SORAFENIB,1.0
_meas_REGORAFENIB,1.0
_meas_IMATINIB,1.0
_pert_REGORAFENIB,1.0
_meas_GEFITINIB,1.0
_pert_QUIZARTINIB,1.0
_pert_ICOTINIB,1.0
_meas_ICOTINIB,1.0
_pert_IMATINIB,1.0
_meas_PONATINIB,1.0
_meas_AZD5363,1.0
_meas_VARLITINIB,1.0
GRB2,1.0
_pert_AEE788,1.0
ALK,1.0
YES1,1.0
USF1,1.0
MST1R,1.0
XBP1,1.0
BLK,1.0
CHUK,1.0
EPHA2,1.0
VDR,1.0
_pert_AFATINIB,1.0
_meas_AFATINIB,1.0
RUNX3,1.0
FRK,1.0
HCK,1.0
CDK4,1.0
_meas_AEE788,1.0
VCP,0.0
DDX58,0.0
PKNOX1,0.0
SMAD7,0.0
HMGN1,0.0
NR1I2,0.0
RPS6KA5,0.0
GFI1B,0.0
HDAC6,0.0
CHEK1,0.0
SYK,0.0
STK3,0.0
LATS1,0.0
SPHK2,0.0
LATS2,0.0
PTEN,0.0
CCND2,0.0
MAPK6,0.0
PTGS2,0.0
ITGB8,0.0
TRAF3,0.0
ATR,0.0
ROCK1,0.0
KEAP1,0.0
IL2RA,0.0
CASP3,0.0
TFAP4,0.0
EBF1,0.0
E2F6,0.0
PAX5,0.0
POU4F2,0.0
PBX3,0.0
KLF6,0.0
SP4,0.0
RFX1,0.0
USF2,0.0
HNF1B,0.0
REST,0.0
ERG,0.0
E2F7,0.0
MYCN,0.0
SP2,0.0
ETV6,0.0
LYL1,0.0
MBD1,0.0
BACH1,0.0
ONECUT1,0.0
ECSIT,0.0
STAT6,0.0
MAFG,0.0
JAK1,0.0
MEIS2,0.0
IL2RG,0.0
PLK1,0.0
POU2F2,0.0
S1PR1,0.0
AURKA,0.0
